filename, diode, hotspot
20170818_114730_jpg.rf.d3b7c2dbe7f814c21e593df62bd2143d.jpg, 0, 1
20170818_104538_jpg.rf.d3d89b06c47f0d1b8d5815d7496ce522.jpg, 0, 1
20170818_113733_jpg.rf.d3e373f77e075f0993c706436afac0a2.jpg, 0, 1
20170818_105350_jpg.rf.d44e18151ce244cb7c62fb106836cc2c.jpg, 0, 1
20170818_105352_jpg.rf.d46c2e9760356437eac584b55483cbad.jpg, 0, 1
20170818_114856_jpg.rf.d57bbfa39e13f764b716042ec99ad41d.jpg, 0, 1
20170717_152038_jpg.rf.d5800c4b40d4dc7b081830b246cd2e23.jpg, 0, 1
20170818_105338_jpg.rf.d5bd93a4429071a99e6603403006dadf.jpg, 0, 1
Drone_Solar_Sample2_mp4-99_jpg.rf.d5fb1776ea6d75ddfa7b80462092f080.jpg, 0, 1
20170818_104531_jpg.rf.d665653e399774eb1b2fcc21303892b0.jpg, 0, 1
20170710_144607_jpg.rf.d72d85cc976bef64e4dd1c27423561da.jpg, 0, 1
20170710_145235_jpg.rf.d743810024f6a21f1d2c62edb9858df6.jpg, 0, 1
20170818_113949_jpg.rf.d9dc20830e54661d395bee76afc26cd1.jpg, 0, 1
Drone_Solar_Sample1_mp4-129_jpg.rf.d6ae6b2f7d6b4e838b19371e6d1004fd.jpg, 1, 1
20170818_114121_jpg.rf.d81985cc6376373d976a3ce5401c8dca.jpg, 0, 1
Drone_Solar_Sample2_mp4-28_jpg.rf.d772b26f11eab3e995267ae9ef9b009d.jpg, 0, 1
Drone_Solar_Sample2_mp4-63_jpg.rf.d76f16cbca44dbc77f0abb733574141b.jpg, 0, 1
20170710_144810_jpg.rf.d83709762f2d45c82fdb53acabd5edac.jpg, 0, 1
Drone_Solar_Sample2_mp4-108_jpg.rf.d8a76b3d25df5227d6fe6f94c0bfb4ec.jpg, 0, 1
Drone_Solar_Sample2_mp4-77_jpg.rf.da4b95e79ff42c571c8c41c2eee1e59d.jpg, 0, 1
20170818_105151_jpg.rf.db566dcf9dc6b8501e5cd53cf0297f12.jpg, 0, 1
20170818_114747_jpg.rf.db72062b68b8b9d10cf634318ca3e9c7.jpg, 0, 1
Drone_Solar_Sample2_mp4-109_jpg.rf.da332ae98523e92e308f28fed88670ee.jpg, 0, 1
20170818_104610_jpg.rf.db3dc892f29a4786724fe95ec35f425e.jpg, 0, 1
20170717_151849_jpg.rf.dad4d63ba84cbf6e37a7873080fb8a09.jpg, 0, 1
20170818_105303_jpg.rf.dc1d54836522eccb0e736e5ea1ccabd6.jpg, 0, 1
Drone_Solar_Sample2_mp4-78_jpg.rf.dc8c6f9c7becd05b8de4cd44f0661554.jpg, 0, 1
Drone_Solar_Sample2_mp4-77_jpg.rf.dca46ab771ce4d2947defd9a135fc088.jpg, 0, 1
Drone_Solar_Sample2_mp4-29_jpg.rf.dc7bd60786b5b81eb95d4ee47e504d5f.jpg, 0, 1
20170818_105203_jpg.rf.dc6eb2d9619a219b7e16f382cce9e0a3.jpg, 0, 1
20170818_104616_jpg.rf.dcde712678a45200e19db6d7fd03ec8e.jpg, 0, 1
Drone_Solar_Sample2_mp4-86_jpg.rf.ddb5cfda446610193a75c3be41afbe4e.jpg, 0, 1
20170717_151840_jpg.rf.dd5d3ebc34a903eaa9654207c5c2ae12.jpg, 0, 1
20170818_104715_jpg.rf.dcf424cfbbc18738a96fff301acbbad0.jpg, 0, 1
Drone_Solar_Sample2_mp4-75_jpg.rf.df9a93a3309e056a955bc9d1e0ae93f6.jpg, 0, 1
Drone_Solar_Sample2_mp4-70_jpg.rf.df14d41100d37f4d6cf7396b17207aa2.jpg, 0, 1
20170818_105352_jpg.rf.dfb84a0b8a47a1dfd2c3c52b4326f15d.jpg, 0, 1
Drone_Solar_Sample2_mp4-98_jpg.rf.dff3dfd440090ef0154ccf68e39e6302.jpg, 0, 1
20170818_104653_jpg.rf.dfe3b98a9731d18af3c94aab983a9de7.jpg, 0, 1
20170818_104920_jpg.rf.dfc660826f12701732fc984341273643.jpg, 0, 1
20170818_104531_jpg.rf.e08942c11af8f7dcfa8d074a5d594523.jpg, 0, 1
20170717_151844_jpg.rf.df608f23a39b5ae0e6fa07847c31fd08.jpg, 0, 1
20170818_104655_jpg.rf.e150338a76801c1ce7dd9a906bba7c7d.jpg, 0, 1
20170818_104818_jpg.rf.e0ad2f799b4e40f46bdcff096a7a2e9e.jpg, 0, 1
20170818_105230_jpg.rf.e175861aaceef840b17e90b0f74ffc42.jpg, 0, 1
20170717_150413_jpg.rf.e09801ffbd9cd1235be52e9a9f36edd7.jpg, 0, 1
20170818_104843_jpg.rf.e31809cbbe1b3126894b6d9c760b65f7.jpg, 0, 1
20170818_104843_jpg.rf.e21b9930621695c8f7301ed39b947e60.jpg, 0, 1
20170818_104724_jpg.rf.e27a72b36e9a720793b3fe1eed96c69e.jpg, 0, 1
20170710_145052_jpg.rf.e08d46c732d7c9d49687d26ed45ca28b.jpg, 0, 1
20170717_152117_jpg.rf.e1cf9dbdb03ee6cb2847fa54a76ef579.jpg, 0, 1
20170818_114738_jpg.rf.e43cd7b62b0eec56f2c3ad24e5e8373d.jpg, 0, 1
20170717_151840_jpg.rf.e44dd3fe706cca0836409b1113334bfa.jpg, 0, 1
20170818_114738_jpg.rf.e43a9bc4062a4894dbd6767753be63e4.jpg, 0, 1
20170717_150725_jpg.rf.e44172a37eb74b18b3eedaa787eeea03.jpg, 0, 1
20170818_105203_jpg.rf.e51bd2fe45771fa4068b6e48b6aa9547.jpg, 0, 1
20170818_114014_jpg.rf.e56cd1d9eac6941046f238f52e02489d.jpg, 0, 1
20170818_105409_jpg.rf.e5cc26ea0683b655585c4104373b8cf6.jpg, 0, 1
20170818_114800_jpg.rf.e4c51bdae640021a8fad34c25b314824.jpg, 0, 1
Drone_Solar_Sample2_mp4-19_jpg.rf.e4d07a67180f8bd333c76afec4962747.jpg, 0, 1
20170818_114718_jpg.rf.e52490f2277efc4d6190db38c3c75452.jpg, 0, 1
20170818_104918_jpg.rf.e6630445e32ab18d6c8a488b3c075acb.jpg, 0, 1
20170818_104904_jpg.rf.e1b9c394072ba792b31d999b9337f9b5.jpg, 0, 1
Drone_Solar_Sample1_mp4-110_jpg.rf.e493f05c3bfffc44c0da0dece14787d3.jpg, 1, 1
20170818_114903_jpg.rf.e4e03c29339e67dfdd611fd7e275761d.jpg, 0, 1
20170818_105018_jpg.rf.e61237b5252cfad8b622bf9e62e4a74e.jpg, 0, 1
Drone_Solar_Sample2_mp4-19_jpg.rf.e4b96d5b4381c280ba9aaaaf88eec2f7.jpg, 0, 1
20170818_104813_jpg.rf.e66050e487d58338bf9db47faf1bf7ef.jpg, 0, 1
20170818_114730_jpg.rf.e9a0eef498698023330d639ab175f3a7.jpg, 0, 1
20170818_104902_jpg.rf.e526a1588c3b6ff1b7802ef49dda3640.jpg, 0, 1
20170818_105253_jpg.rf.e6db30d18a2b5a417d399d274996eafb.jpg, 0, 1
20170818_104715_jpg.rf.e7c3fe45feda977fb89c8250f50fcbde.jpg, 0, 1
20170818_104744_jpg.rf.e79b730e1427df91b9e7b526b2f6355a.jpg, 0, 1
20170818_105320_jpg.rf.ead33e445e752aa53f8c0c03b222a049.jpg, 0, 1
Drone_Solar_Sample1_mp4-9_jpg.rf.eb7cd76372cc8212fd58d7b3de81b1a4.jpg, 0, 1
20170818_105205_jpg.rf.e80787e0f1ea3d056a002e4e95bbbc6a.jpg, 0, 1
20170818_114224_jpg.rf.e854c523b12520185d0eda754dcc22b9.jpg, 0, 1
Drone_Solar_Sample2_mp4-80_jpg.rf.ebe7a1119f66f50f2510fa54df28b09c.jpg, 0, 1
20170818_114814_jpg.rf.eb929ab24e311c6ca4f3063a924aeb64.jpg, 0, 1
Drone_Solar_Sample2_mp4-107_jpg.rf.ebc4b394ce6e1ae90ba7a0ffc0d31723.jpg, 0, 1
20170818_114801_jpg.rf.ec84f8e4476c6d1fdde6686bfb807b9f.jpg, 0, 1
20170818_113953_jpg.rf.ec07e0bc1c96ea36765580840b364b27.jpg, 0, 1
Drone_Solar_Sample2_mp4-81_jpg.rf.eddb81126116be940d63543a65ce8c15.jpg, 0, 1
20170818_104727_jpg.rf.edeb2e324ea499881636d1752c13f66e.jpg, 0, 1
20170818_104744_jpg.rf.eccf6ae4ce12075e9826ba529a6d0609.jpg, 0, 1
20170717_152057_jpg.rf.ed73d603249f7c8ba5d310d7f69751a4.jpg, 0, 1
20170818_113949_jpg.rf.ee2b715be27ceba2b3d56629462f6a58.jpg, 0, 1
20170818_105024_jpg.rf.edfcaa15f2f1550f4e846c9c27ad940c.jpg, 0, 1
Drone_Solar_Sample2_mp4-111_jpg.rf.f2cce4f9ad2942835569f56000acdbb5.jpg, 0, 1
20170818_114815_jpg.rf.eded60f0d000473b8dbad5f85770b2e4.jpg, 0, 1
20170818_105347_jpg.rf.ec48bad8352368eafffb0414b9c291e8.jpg, 0, 1
20170717_150725_jpg.rf.ee4c8d2935360fca89e548b7a43691cd.jpg, 0, 1
20170818_104803_jpg.rf.ef65701a3d77fe6cd5130dc24847e9c5.jpg, 0, 1
Drone_Solar_Sample2_mp4-66_jpg.rf.ee80faf648d34d5608a47929baad5d21.jpg, 0, 1
20170710_145200_jpg.rf.f078e3a467a6eafc35ea91ecbf40bc3e.jpg, 0, 1
20170818_105414_jpg.rf.f3ce4849af6a3518af47709d301129e7.jpg, 0, 1
Drone_Solar_Sample2_mp4-84_jpg.rf.f0833a8cf5ff1e93371b325be9207b88.jpg, 0, 1
20170717_152117_jpg.rf.f30dbab7698591fb5741862f637a30cc.jpg, 0, 1
20170818_114807_jpg.rf.f1e0a33cee9e8faaea9d4c727a211b65.jpg, 0, 1
20170818_104843_jpg.rf.ef73a4ee415a0cbafc05266c6f4c1749.jpg, 0, 1
20170818_114857_jpg.rf.f51dbb9b6b0b7349fcd6bc4a9e5afb70.jpg, 0, 1
Drone_Solar_Sample1_mp4-132_jpg.rf.f4f8d15fab61f72a76b8ea741b5abcd2.jpg, 1, 1
20170818_114809_jpg.rf.f4e988a46a08bfd42fd5ae3b636dd6dd.jpg, 0, 1
Drone_Solar_Sample2_mp4-72_jpg.rf.f247236b71507e6111186687d41483dd.jpg, 0, 1
20170818_104744_jpg.rf.f26341f57b2aee2e23f65234040d5ce1.jpg, 0, 1
20170818_114123_jpg.rf.f22bb9bb9e6375ab492b9280971b7bf7.jpg, 0, 1
Drone_Solar_Sample2_mp4-84_jpg.rf.f56d350f929563152db94b4f9a1a2779.jpg, 0, 1
20170818_105024_jpg.rf.f556c88ab3ce6df23e1d3f11604e5b89.jpg, 0, 1
Drone_Solar_Sample2_mp4-96_jpg.rf.f584e8719e0b2a0be80f14761bb58965.jpg, 0, 1
20170818_113810_jpg.rf.f56e95968e21a7dc12bc53355fac3ae8.jpg, 0, 1
20170818_105323_jpg.rf.f57693fa03cbd2b61ad7018a0587e2bf.jpg, 0, 1
20170818_114811_jpg.rf.f5345a407170010778fed24cf8e793e2.jpg, 0, 1
20170818_105332_jpg.rf.f851829d2e051248cba52f9696917109.jpg, 0, 1
20170818_114729_jpg.rf.f64d2a62e74871873acd5e27ed3f1c94.jpg, 0, 1
20170818_114726_jpg.rf.f6162be46f5e6321b12436e3e883f21d.jpg, 0, 1
Drone_Solar_Sample2_mp4-94_jpg.rf.f63128db2862dbe21bd0a78d091f1dfb.jpg, 0, 1
Drone_Solar_Sample2_mp4-108_jpg.rf.f7f032e53c56d8eb4782c30176511024.jpg, 0, 1
20170717_150808_jpg.rf.f86aa1258b4380eb63f0b9fd17ceb293.jpg, 0, 1
20170818_114801_jpg.rf.f87983e3d8936f1ff0d54f1e2da390ea.jpg, 0, 1
20170818_104635_jpg.rf.f8dd7f1b37c9f6546811cd4398c7e027.jpg, 0, 1
20170818_104739_jpg.rf.fd895c65ef884ff9e0bfe2773860b6cc.jpg, 0, 1
Drone_Solar_Sample2_mp4-61_jpg.rf.fdcd5106d62357a2d1b71ceed8726d6f.jpg, 0, 1
Drone_Solar_Sample2_mp4-104_jpg.rf.fe939eea8530179948b427e07ae9e7b4.jpg, 0, 1
Drone_Solar_Sample2_mp4-30_jpg.rf.fb5133c0e40d68e5cc6edc4d01bf3533.jpg, 0, 1
20170818_104538_jpg.rf.fc4abc590f4a19422d6183d02a2738c7.jpg, 0, 1
20170818_113950_jpg.rf.f9f40e4c0cbe7e3deffbb21113cd6b05.jpg, 0, 1
20170818_114741_jpg.rf.fb2b1c7a0cae76739bd1b6d66f6f1ec3.jpg, 0, 1
20170818_114815_jpg.rf.fe55bef381804720cf8d44d2acda74e6.jpg, 0, 1
Drone_Solar_Sample2_mp4-84_jpg.rf.fc88a7544258e094fc1fc8424626fe51.jpg, 0, 1
20170818_113752_jpg.rf.f77620bf15f586de1490fd8cb5b29bf5.jpg, 0, 1
Drone_Solar_Sample1_mp4-139_jpg.rf.fe9667c21c6c136a67135b3c50581fbc.jpg, 1, 1
20170818_114848_jpg.rf.f96784f01613e019b81130bb2a38d516.jpg, 0, 1
20170818_114825_jpg.rf.fa187deb969706d68f71da2703278e38.jpg, 0, 1
20170818_104918_jpg.rf.fcfb37f8f5ac0f4833e59e9b14a7b9d2.jpg, 0, 1
Drone_Solar_Sample1_mp4-138_jpg.rf.ffd961ad98dbc6f0b12a32cfb12c65b8.jpg, 1, 1
Drone_Solar_Sample1_mp4-115_jpg.rf.ffdf964a351cb7c70f4eb25435f63216.jpg, 1, 1
Drone_Solar_Sample2_mp4-94_jpg.rf.fd80398270392aec3feef2fac1213082.jpg, 0, 1
Drone_Solar_Sample2_mp4-61_jpg.rf.fffab924f43386c7d2dda3314078f6fe.jpg, 0, 1
Drone_Solar_Sample1_mp4-1_jpg.rf.fed8ba2cf17d2aa21b0d7e2fc5d58a3a.jpg, 0, 0
Drone_Solar_Sample2_mp4-65_jpg.rf.fb12d2df1cc7296a6b79ebc7280e5ee7.jpg, 0, 1
Drone_Solar_Sample1_mp4-131_jpg.rf.ff556f0317f944c2bee44c0aa4973b89.jpg, 1, 1
Drone_Solar_Sample1_mp4-115_jpg.rf.fd8c5d839b0eff296a07d0eda0cd497b.jpg, 1, 1
20170710_145112_jpg.rf.fef48398a69ba6128014c5e8f530b883.jpg, 0, 1
Drone_Solar_Sample2_mp4-28_jpg.rf.ff8780592449ec94a03dd7b84cd8c446.jpg, 0, 1
20170710_144056_jpg.rf.ff833a1eb7dd9f8e2cbdf3fe1d8c1f1a.jpg, 0, 1
20170818_114739_jpg.rf.8dd57e44ee497d122bd0730b5f273f12.jpg, 0, 1
20170717_151835_jpg.rf.8dedeed75fbbad9ad69f427feec98c84.jpg, 0, 1
20170818_104746_jpg.rf.8e9b30a18301ae58d132f4db2d72aec8.jpg, 0, 1
20170818_114721_jpg.rf.8eb79ad89ea7ee939f5445f9eac2d645.jpg, 0, 1
20170717_150803_jpg.rf.900c319ecb6eca85646cff610d122376.jpg, 0, 1
Drone_Solar_Sample2_mp4-62_jpg.rf.904f422e843d0ca21f39a425045abf91.jpg, 0, 1
20170818_104813_jpg.rf.906d2881e78e3d1f32226721013a9c62.jpg, 0, 1
20170818_104521_jpg.rf.908b8d3fcc4c003205939c9ec89b5229.jpg, 0, 1
20170818_105414_jpg.rf.90a708bfc76d7109cb2797e1c5fbfd3d.jpg, 0, 1
20170818_113759_jpg.rf.919ab7baef3571c5b47caf4c22ad9168.jpg, 0, 1
20170717_150833_jpg.rf.91cf4b2644ca4576ca8668d9b3a65ff7.jpg, 0, 1
20170717_151827_jpg.rf.91e9837f8e468ba7362d85a03c15b471.jpg, 0, 1
20170818_113740_jpg.rf.91f6109b0edd4913fd245226d15b0c4a.jpg, 0, 1
Drone_Solar_Sample2_mp4-68_jpg.rf.8df3b9ae1ac97819f6f5e4baa8e95b9f.jpg, 0, 1
20170818_104518_jpg.rf.927510ee7c388856d4ec7af6e5ca2b3f.jpg, 0, 1
Drone_Solar_Sample1_mp4-121_jpg.rf.92591f1afb18b5d6303623eff836e55c.jpg, 1, 1
Drone_Solar_Sample2_mp4-114_jpg.rf.927d5404526b8f10c8096a7e42c19df4.jpg, 0, 1
20170710_144853_jpg.rf.92830d2a49cb4240cdbc252a72561aa9.jpg, 0, 1
20170818_114856_jpg.rf.946a3444091050c30579597dc66736ce.jpg, 0, 1
20170818_105127_jpg.rf.933bb2c42374ffcf95ed21a134869217.jpg, 0, 1
20170818_114825_jpg.rf.9428adf9449589cf2e4cbbab136ab6a6.jpg, 0, 1
20170818_113953_jpg.rf.927e8e6ecf5851e54b3c4f3de2325a58.jpg, 0, 1
20170717_151844_jpg.rf.9472972d4dba9894b853e4e665e3da18.jpg, 0, 1
20170717_150454_jpg.rf.948e585f3909828280cfb814bb8ed6b2.jpg, 0, 1
20170818_114731_jpg.rf.9642b57f4ee006df8e8f74ec67ca3d27.jpg, 0, 1
20170717_151854_jpg.rf.9672bdd0ae4b399c950f9f4182a9b49d.jpg, 0, 1
20170717_150737_jpg.rf.943a18c84f5f9fa4fc718388faa61f16.jpg, 0, 1
20170710_144555_jpg.rf.95dd7f70c3c70b29e8c95aa8f7763532.jpg, 0, 1
Drone_Solar_Sample2_mp4-10_jpg.rf.957c53c2e2e1bd0eb221cb024154dd33.jpg, 0, 1
Drone_Solar_Sample2_mp4-103_jpg.rf.95c888fda01ddee52a7e4d13848443dc.jpg, 0, 1
Drone_Solar_Sample1_mp4-132_jpg.rf.97571ae99c78f7df316f13463e5c998a.jpg, 1, 1
Drone_Solar_Sample2_mp4-70_jpg.rf.952101af4745645da419784c311abf3d.jpg, 0, 1
20170717_150409_jpg.rf.978480e67a3cee5c08b41aa666e16066.jpg, 0, 1
20170818_113810_jpg.rf.979c80e8a5e232d2d9c547bd3128f7a8.jpg, 0, 1
20170818_104925_jpg.rf.9554857741b8acc94b0e7ec9a6eeaf88.jpg, 0, 1
20170818_113723_jpg.rf.97be6c13a592c1bfde9f9f7df3de22cb.jpg, 0, 1
20170818_113855_jpg.rf.98235a4c0519dacc8f60c3e5c4411d91.jpg, 0, 1
20170818_114805_jpg.rf.98d7682b6cefe3940cc834e2c284c893.jpg, 0, 1
20170818_104703_jpg.rf.986ce162b4cd940ea61c3383eda51918.jpg, 0, 1
20170710_145119_jpg.rf.98dca48aa84acd730af3d66fab4e27d9.jpg, 0, 1
Drone_Solar_Sample1_mp4-123_jpg.rf.9a7d8fbdbab55f33b15925635cf9ba1d.jpg, 1, 1
20170717_150753_jpg.rf.9a3bd66970892db4ed5288fb5adf7595.jpg, 0, 1
20170818_113816_jpg.rf.998c175815a864151b0e0f7050ac8ebe.jpg, 0, 1
20170818_105419_jpg.rf.999b7ecadd15f96b63c1d76c1ba0823a.jpg, 0, 1
Drone_Solar_Sample2_mp4-106_jpg.rf.9a62b157fc217df8c9eac8a272acb93e.jpg, 0, 1
20170710_144812_jpg.rf.9aa9e7e1bb47d56a94289f86d89d9e70.jpg, 0, 1
20170818_113751_jpg.rf.9a8872fbfc3d7d9dd49e356d8c9accba.jpg, 0, 1
Drone_Solar_Sample2_mp4-111_jpg.rf.9b726c9f9c3563b53fbfd131b40ace7e.jpg, 0, 1
20170710_145119_jpg.rf.9b05c124b1747cb248a4f02e8feeb853.jpg, 0, 1
Drone_Solar_Sample1_mp4-134_jpg.rf.9b0ce481b49dab5e2da46c802a9cb42c.jpg, 1, 1
20170818_113759_jpg.rf.9b797ef2e43e41f118483a1a74ac3906.jpg, 0, 1
20170818_104850_jpg.rf.9cee4015bc6ff50964bf0406ecf6587d.jpg, 0, 1
20170818_114736_jpg.rf.9c6f400b27158883abdf998c89a62c3d.jpg, 0, 1
Drone_Solar_Sample2_mp4-10_jpg.rf.9c873bafc7f3e3d7cfafb6498b20af97.jpg, 0, 1
20170818_104705_jpg.rf.9d1513b97020fb69102af70c0adb35ee.jpg, 0, 1
20170818_104803_jpg.rf.9fb3ee041d8c06fbe8f0b5f8aca27843.jpg, 0, 1
Drone_Solar_Sample2_mp4-116_jpg.rf.9efcd586f054df91a3d5f2721c788ba5.jpg, 0, 1
Drone_Solar_Sample2_mp4-11_jpg.rf.9f07cf145f8932ea7b10cf761b9ea076.jpg, 0, 1
20170818_114822_jpg.rf.9fd93bb3afb2ce9088c0db548099ac3a.jpg, 0, 1
20170710_144011_jpg.rf.9e9f3541aa912096ff4718d3dc856227.jpg, 0, 1
Drone_Solar_Sample2_mp4-99_jpg.rf.9ee6d19ae55f3172d35399c7caa28f00.jpg, 0, 1
20170710_144602_jpg.rf.a0440e01fc4e140909c6011ac953a6d5.jpg, 0, 1
20170818_113733_jpg.rf.a066d3c98019397206f5d7e094cbbe03.jpg, 0, 1
Drone_Solar_Sample2_mp4-96_jpg.rf.9de4898eb7bdd80ae329d203c5523ed5.jpg, 0, 1
20170818_114152_jpg.rf.a0a3a0cec6251e6f467426ecd395ad7b.jpg, 0, 1
20170818_104800_jpg.rf.9b95cc836359319f5cd73e34f01e3ed4.jpg, 0, 1
Drone_Solar_Sample1_mp4-121_jpg.rf.a0a65eb98c8f78972c95eb0b030cf560.jpg, 1, 1
20170818_104737_jpg.rf.a3e8bc97708e0a13f2a1a147cb266d7b.jpg, 0, 1
Drone_Solar_Sample2_mp4-99_jpg.rf.a31ebd41c10ce29625d48d750eb2d5ff.jpg, 0, 1
20170818_113817_jpg.rf.a19fc26a01d0b04de6c1cdf355ef4f5e.jpg, 0, 1
20170710_144847_jpg.rf.a33f6958875dd710b4996df283dc9975.jpg, 0, 1
20170710_144628_jpg.rf.a302674a79a97297c19c2bd303e45568.jpg, 0, 1
20170818_113759_jpg.rf.a2bdb39e173c6f5bf4debadf2aac25ab.jpg, 0, 1
20170818_114815_jpg.rf.a417d3602daad9144c74df9fd2812954.jpg, 0, 1
20170717_150424_jpg.rf.a1ec5b4f5ec84a59fa0e5e20a9f2705c.jpg, 0, 1
20170710_145129_jpg.rf.a47103b5cf3c3dbc172b52de15a00962.jpg, 0, 1
20170818_115004_jpg.rf.a136354e9872d8916e0e855aaf88475d.jpg, 0, 1
Drone_Solar_Sample2_mp4-103_jpg.rf.a1853575400d5bc2656c0fef07bba0ee.jpg, 0, 1
20170710_145129_jpg.rf.a1d7bd05d8528d15a02b409eb7323085.jpg, 0, 1
20170818_105419_jpg.rf.a3a672cdd655483bf9db190432e60054.jpg, 0, 1
20170717_150734_jpg.rf.a4d64ce4292a361e82c688853db5c520.jpg, 0, 1
20170710_144853_jpg.rf.a517083bc1f072e1c9417099a6787015.jpg, 0, 1
20170818_105135_jpg.rf.a51600321265de83694789a35f3d6de2.jpg, 0, 1
20170818_114857_jpg.rf.a4f162605b709c800b299b564b1b2a0a.jpg, 0, 1
Drone_Solar_Sample2_mp4-88_jpg.rf.a61c9bfd247bc91e6328f71fd06c0117.jpg, 0, 1
20170717_150758_jpg.rf.a587c804c713bdfa139baf49f86eec19.jpg, 0, 1
20170818_114903_jpg.rf.a77aa5112dc261e9750d16a56d04a44c.jpg, 0, 1
Drone_Solar_Sample2_mp4-28_jpg.rf.a6d9150add514d4e72ccd12f89e5725c.jpg, 0, 1
20170717_150725_jpg.rf.a68c9bcb96994acb1701d268d1e76555.jpg, 0, 1
20170818_104556_jpg.rf.a502e3adb7c449dd2b9d56e748c00b72.jpg, 0, 1
Drone_Solar_Sample1_mp4-140_jpg.rf.a87a90a03c1a99ccca0d229f25ce906a.jpg, 1, 1
Drone_Solar_Sample2_mp4-71_jpg.rf.a5ca1eadf321d25d04a1dd7757cd5b82.jpg, 0, 1
20170818_114800_jpg.rf.a881f165360506f8961fe33beef48086.jpg, 0, 1
Drone_Solar_Sample2_mp4-75_jpg.rf.a6c1a5a814cf2f4423cc0c3f1b199089.jpg, 0, 1
20170818_105144_jpg.rf.a524a27ea07d456167291a6295499e86.jpg, 0, 1
20170818_114125_jpg.rf.a89eefac283df9219e99c7299f7dd8c5.jpg, 0, 1
Drone_Solar_Sample1_mp4-0_jpg.rf.a9130e50f77b97000b8317ae800fcd4e.jpg, 0, 1
20170717_150758_jpg.rf.a9c804b3f2516218ba19c7f3dad7640b.jpg, 0, 1
Drone_Solar_Sample1_mp4-133_jpg.rf.a96ecf15b20236ac52fa1f2e25356345.jpg, 1, 1
20170818_113955_jpg.rf.aab8e19bf8d131b20e5c19fa724dff11.jpg, 0, 1
20170818_104848_jpg.rf.a9c1f59267551dc48676c247c2dfc3be.jpg, 0, 1
20170818_114747_jpg.rf.a90daebb3c464b73b3bd6bedbbe25bcd.jpg, 0, 1
20170717_152038_jpg.rf.aa6f079e0328c3a9900e5aa18292b416.jpg, 0, 1
20170818_105132_jpg.rf.aa09598ff378031dfd9db15138b8207a.jpg, 0, 1
Drone_Solar_Sample2_mp4-20_jpg.rf.a9d50820d8a775d9d276192a51a3b1b0.jpg, 0, 1
20170818_114811_jpg.rf.ab22857c533799a36274de80e4ee7dc5.jpg, 0, 1
20170710_144555_jpg.rf.ab001ead3fdd945f5559c6cdd15c9d4c.jpg, 0, 1
20170818_104800_jpg.rf.aa455b72dd9d781e4edd01ee915a96fb.jpg, 0, 1
20170818_113853_jpg.rf.aa3a91320fd28642278605b0af410c8d.jpg, 0, 1
20170818_104833_jpg.rf.ab7ad6b26168ed788a4ba0f0bca94462.jpg, 0, 1
20170710_145035_jpg.rf.aed28bf45d3e5a54f2f7a0c0e9fcb5c0.jpg, 0, 1
20170717_150742_jpg.rf.ad2c8fdfb16e390e7f1d5a429dd025c0.jpg, 0, 1
20170818_104518_jpg.rf.ab9878788daf1777f072673672e4580f.jpg, 0, 1
20170818_104806_jpg.rf.aeb6c95952680f39a1b65dd544747776.jpg, 0, 1
20170710_144815_jpg.rf.ad4907baae9a23ee952328f016cf4b4c.jpg, 0, 1
Drone_Solar_Sample2_mp4-91_jpg.rf.ac7cca2427d1e167dbd7a93977c30f66.jpg, 0, 1
20170818_104717_jpg.rf.ae12fb8d43a8e065b890d4a7c41b3586.jpg, 0, 1
20170818_104746_jpg.rf.ad745858192385536fc4525af3d5e8de.jpg, 0, 1
20170710_144810_jpg.rf.ac9d118c81df35787c818735e34aabd2.jpg, 0, 1
Drone_Solar_Sample2_mp4-93_jpg.rf.acdc017dc68b5b29d52f4367deea6bc9.jpg, 0, 1
20170818_104850_jpg.rf.ae02528c2d4d04088f4aa97dbdc47635.jpg, 0, 1
Drone_Solar_Sample2_mp4-65_jpg.rf.b1a0d0633f31a936706d3369740b3573.jpg, 0, 1
20170818_113750_jpg.rf.afefd9d6251b85055f7020e3c9c0f4f6.jpg, 0, 1
20170818_113817_jpg.rf.b695a647de9e8814973102478a8a9f5b.jpg, 0, 1
Drone_Solar_Sample2_mp4-91_jpg.rf.af8b521e58ba9345f6a2408759c0334c.jpg, 0, 1
20170818_105310_jpg.rf.b095d448a83c4cc4094d14544545cf61.jpg, 0, 1
Drone_Solar_Sample1_mp4-110_jpg.rf.b2721c2883ea9e67f16ad3629cfddf42.jpg, 1, 1
20170818_104616_jpg.rf.b09c0e8215de6bea7e02ef37b6782ce3.jpg, 0, 1
20170818_114738_jpg.rf.b48453ff869725fe89689c1198860b9d.jpg, 0, 1
Drone_Solar_Sample2_mp4-31_jpg.rf.b18909c78e226fb6cd0f1afc46a91960.jpg, 0, 1
20170818_105338_jpg.rf.b24633d64f5963be533df8a4ac7e9d7d.jpg, 0, 1
Drone_Solar_Sample2_mp4-93_jpg.rf.b22c20aac1b500eb52f2056df83092ac.jpg, 0, 1
Drone_Solar_Sample2_mp4-30_jpg.rf.b16336b16ff949c077299f8fcb1bcab3.jpg, 0, 1
20170717_150742_jpg.rf.b45b9d4006b7f832219cbcedfe136720.jpg, 0, 1
20170818_104610_jpg.rf.b289e0571faaf054f75bd07aff93d369.jpg, 0, 1
DJI_0315_jpg.rf.b4d6e678c2f4ebd8bdffe2f526bf493c.jpg, 1, 0
20170818_104902_jpg.rf.b60268ad0cab18b41e601708b38beacf.jpg, 0, 1
Drone_Solar_Sample1_mp4-120_jpg.rf.b0fe639ef0f91261d00a0c05d538ee5a.jpg, 1, 1
20170818_105203_jpg.rf.b3fed673684caa20261baa0977e161ae.jpg, 0, 1
20170717_152029_jpg.rf.b35c096e26c8fd73b48c96e1cffededc.jpg, 0, 1
20170818_105243_jpg.rf.b2f6ebaf7830c83f547621b59fb2fc96.jpg, 0, 1
20170818_104554_jpg.rf.b53a97d73bcd260b112ca3cb0f690487.jpg, 0, 1
20170818_104806_jpg.rf.b5b252dc494ef124a9930657c3deb5b7.jpg, 0, 1
20170818_114134_jpg.rf.b53a069d62da4a72c4e4c36a17134e2f.jpg, 0, 1
20170818_105205_jpg.rf.b579506320e96d8b1235efbeda7c8de8.jpg, 0, 1
20170818_104933_jpg.rf.b5adc779aac1fb60a9ccc09dad4e4ae9.jpg, 0, 1
Drone_Solar_Sample2_mp4-113_jpg.rf.b85c08b559024817060249a4635e4564.jpg, 0, 1
20170818_105209_jpg.rf.b883ab8ee1fe2f8cf74fa2f786c62a55.jpg, 0, 1
20170710_144011_jpg.rf.b941948f819f43fb52dd514ea46fa1a2.jpg, 0, 1
20170818_105256_jpg.rf.b989301e8f8b4e0e76782fad597967a2.jpg, 0, 1
20170818_113746_jpg.rf.b85d916c1ad816ea82e921b75a822955.jpg, 0, 1
20170717_150808_jpg.rf.b8b532a1214e0de2092afda4f2eb9a06.jpg, 0, 1
Drone_Solar_Sample1_mp4-128_jpg.rf.b96bfdb014da7832a9af9983d156e627.jpg, 1, 1
Drone_Solar_Sample2_mp4-100_jpg.rf.b8eb9907d29a9f6869c1df52a75175b6.jpg, 0, 1
20170818_113742_jpg.rf.b6f08b5ce41582ec3a2875dc1f678e7e.jpg, 0, 1
20170818_113755_jpg.rf.b81ebf80b20760b63aebbc70f6702ae7.jpg, 0, 1
20170818_104613_jpg.rf.b769a7a0b37aef44b8825d00ed9fb9f8.jpg, 0, 1
Drone_Solar_Sample2_mp4-73_jpg.rf.b76dd0da6c2c12d3df2a2278d14cfef1.jpg, 0, 1
20170818_113949_jpg.rf.b80c8200cfb03133a12e031ea8e11ed8.jpg, 0, 1
20170818_105342_jpg.rf.b6eae0571e31564a3695d9559cba79b0.jpg, 0, 1
20170818_104737_jpg.rf.bc890cf8e8f62694e349a4d08c4d5248.jpg, 0, 1
Drone_Solar_Sample1_mp4-9_jpg.rf.bccdcf2d697ba276ff3b3f7c9d890c68.jpg, 0, 1
Drone_Solar_Sample2_mp4-70_jpg.rf.bc4251b2b9459c7aebae222e990765be.jpg, 0, 1
20170710_145035_jpg.rf.bc6929f54ce7ad0e3117f578a22b9528.jpg, 0, 1
Drone_Solar_Sample1_mp4-131_jpg.rf.bc8fd013e4f6bc83bb2707ecc1b5571b.jpg, 1, 1
20170818_113817_jpg.rf.bb0d97cbc91d3037e300445bc556fb7c.jpg, 0, 1
20170818_104811_jpg.rf.bb51a9b406db28b12a6b6c5366464508.jpg, 0, 1
20170818_105151_jpg.rf.b9f9ac5593ef6dbc013b357424877d9a.jpg, 0, 1
20170818_113955_jpg.rf.b9e522ac7ca4c43404cf27c6ef70c3d8.jpg, 0, 1
Drone_Solar_Sample2_mp4-116_jpg.rf.bc3b1d7d26524454b43250b9c8479c3a.jpg, 0, 1
Drone_Solar_Sample2_mp4-83_jpg.rf.bb0271ea2101d6f443b2ccc16b40ad81.jpg, 0, 1
Drone_Solar_Sample1_mp4-126_jpg.rf.baaa74566b72e2f556b0e2014db8d493.jpg, 1, 1
20170818_104813_jpg.rf.baafa52adf9c7c3a2825903322b1e692.jpg, 0, 1
20170818_104833_jpg.rf.bb3861251f6f67ce7e9540fc84760717.jpg, 0, 1
20170818_113951_jpg.rf.bbee91498a2b9dd72f721ecdda7f6f5e.jpg, 0, 1
20170818_114134_jpg.rf.bbd41ec006681705e2a979685386763f.jpg, 0, 1
20170818_104526_jpg.rf.bcd501950f1b83b06bfd99ee2129307e.jpg, 0, 1
20170818_105209_jpg.rf.bfae925e064c76cdaf2ee293bed70d80.jpg, 0, 1
20170818_105307_jpg.rf.bfdd3b6ed7c4a8f2cda7745006445fdc.jpg, 0, 1
20170818_114804_jpg.rf.c1cbe582dad2bbaf0b14c25454c607c6.jpg, 0, 1
20170818_105409_jpg.rf.bf2e62fa267e4e356b80b61a16b14df0.jpg, 0, 1
20170818_114721_jpg.rf.c07bbfc2566c04b5a55bb0b6ff32196d.jpg, 0, 1
20170717_152112_jpg.rf.bff6f66397cc3ad2165a07b58a27b409.jpg, 0, 1
20170710_144556_jpg.rf.bdf1b792c0f0a34d91ddf36bbc548c19.jpg, 0, 1
Drone_Solar_Sample2_mp4-63_jpg.rf.be02e09f1c73ab0d4053e5d44355b3b1.jpg, 0, 1
Drone_Solar_Sample1_mp4-122_jpg.rf.c38ee221723489eec00a6fb893bd949d.jpg, 1, 1
20170818_105323_jpg.rf.c07617b8f9bce729fb9a09f92d79fdf4.jpg, 0, 1
20170818_105409_jpg.rf.c2fb078ce2c9cc12afc4585eed865a6c.jpg, 0, 1
20170818_113749_jpg.rf.bda0136bb2c2c04d6a39690d67f0f7cd.jpg, 0, 1
20170710_144912_jpg.rf.c2deba6f09f854ad16ba4ea7958a42d5.jpg, 0, 1
20170818_115004_jpg.rf.c2de185583137404b5f760217938b945.jpg, 0, 1
20170818_114012_jpg.rf.c303b9067d2ea33c1c6b56e69a8b06b0.jpg, 0, 1
20170710_145134_jpg.rf.c14a49638a64cd94338ddd45e1ff85c7.jpg, 0, 1
Drone_Solar_Sample2_mp4-111_jpg.rf.c1149ca722ee6bb82ae7a7162dc16104.jpg, 0, 1
20170818_114821_jpg.rf.c0d359d5f729cce24b3d68ac978edc1b.jpg, 0, 1
20170818_105144_jpg.rf.c09b0cb3fef7b22afbdc5e3d6d483c54.jpg, 0, 1
20170717_150758_jpg.rf.c3ee49de34114327bda5cf1c018a6665.jpg, 0, 1
Drone_Solar_Sample1_mp4-113_jpg.rf.bf6f0a16ed91560954ebfef9905095ba.jpg, 1, 1
Drone_Solar_Sample1_mp4-129_jpg.rf.c2687fc03e54e7192318ed7e7fc7098d.jpg, 1, 1
20170717_150808_jpg.rf.c0c7f1e92c0773809dfbaff5d4848770.jpg, 0, 1
Drone_Solar_Sample1_mp4-112_jpg.rf.c4e078fa9fc4c3b0e7574873dc1b1a29.jpg, 1, 1
20170818_105350_jpg.rf.c85e1cf214179988e4584ee58c125984.jpg, 0, 1
20170818_104936_jpg.rf.c406ca31bea999513fae31025c467f88.jpg, 0, 1
20170818_114811_jpg.rf.c4a0b8c07ae6a12d56ffb7af82ed7f7c.jpg, 0, 1
Drone_Solar_Sample2_mp4-85_jpg.rf.c5681182156a808b63016de90858c140.jpg, 0, 1
20170717_150454_jpg.rf.c84f7e6e18f7a72e29464a050ce7913d.jpg, 0, 1
20170818_104848_jpg.rf.c611e6128e03e70f6cf8abb1e12e5135.jpg, 0, 1
20170818_114802_jpg.rf.c5faf991e025ef758876b871a7dc25dc.jpg, 0, 1
20170710_144805_jpg.rf.c84a93a30996d65d53ce22a5e30c81f3.jpg, 0, 1
20170818_104639_jpg.rf.c998e9b1849100c6326c350effe8f7f9.jpg, 0, 1
Drone_Solar_Sample2_mp4-69_jpg.rf.c98e9f54f10d9bd4dca194e007fdbf9e.jpg, 0, 1
20170818_104554_jpg.rf.c90e40b113e40976d5a44f08f673b25c.jpg, 0, 1
Drone_Solar_Sample2_mp4-11_jpg.rf.c8e45661e73d5651250013e327d54238.jpg, 0, 1
20170818_113816_jpg.rf.c65826eec946e4c5c72411caef93f332.jpg, 0, 1
20170818_114736_jpg.rf.c91da5d2d77a5f858bbf0562b66b4d8c.jpg, 0, 1
20170818_105407_jpg.rf.ca78259e700d6c469740ce71a2b69009.jpg, 0, 1
20170818_114742_jpg.rf.c8dcebc196a648ff104eff70a5e7cb72.jpg, 0, 1
20170818_105243_jpg.rf.ca2a06b6476602795d3281556d7fda81.jpg, 0, 1
20170710_144056_jpg.rf.c87c8968f177d4826f974321fc258547.jpg, 0, 1
20170818_114729_jpg.rf.ca0493b0a0f805344bc5205de292604c.jpg, 0, 1
20170710_144058_jpg.rf.ca5d3a12e0a3f4bdb1854bc68cb62626.jpg, 0, 1
20170818_105207_jpg.rf.cb103a32bbbb7439c52a19e6c9830784.jpg, 0, 1
20170818_105243_jpg.rf.cb6b80403e09f5ae8160790dc180d206.jpg, 0, 1
Drone_Solar_Sample2_mp4-59_jpg.rf.cbc8a8c84127548d6afd50cbbf33b8a7.jpg, 0, 1
20170818_105417_jpg.rf.cdfe04d679b6446ef5f5e1a1e3d92b21.jpg, 0, 1
20170710_145150_jpg.rf.d00f3d9cb146299f8872f0973e217270.jpg, 0, 1
20170818_114152_jpg.rf.ceec12bcacc06609b5eee7c6dc0afd17.jpg, 0, 1
Drone_Solar_Sample1_mp4-113_jpg.rf.cb88fd280ac2d8a5d60c16f594c8d042.jpg, 1, 1
20170818_114741_jpg.rf.d08d3b8dcc5201997bb78c30de498a5a.jpg, 0, 1
Drone_Solar_Sample2_mp4-76_jpg.rf.cee810d497b0cd72dbf390bd1d94d612.jpg, 0, 1
Drone_Solar_Sample2_mp4-109_jpg.rf.cd277cc7a620ae7fae649826d432f1ba.jpg, 0, 1
20170818_113953_jpg.rf.d1455ed76d016f7ae9e065656e44169e.jpg, 0, 1
20170818_114048_jpg.rf.d1c039e27c61abbee9fd969fa2ba64f8.jpg, 0, 1
20170818_105207_jpg.rf.cd738297708e83e27d4c341253ca7f7c.jpg, 0, 1
20170818_113740_jpg.rf.d00f5a81fa89b5ce7e81568cdc7d096c.jpg, 0, 1
20170717_151840_jpg.rf.d1a8d78ae48c80238d01c0463589fa46.jpg, 0, 1
20170818_114012_jpg.rf.cea089390efa77517c58a72fb3eb41cd.jpg, 0, 1
20170717_150734_jpg.rf.ccbe22b91568989e47f316df38c7ea44.jpg, 0, 1
20170818_114759_jpg.rf.cf0f2b993db13de5ca2132848a74da1a.jpg, 0, 1
20170818_113752_jpg.rf.ce9284f8131595019a09c8550e1689b1.jpg, 0, 1
20170818_113951_jpg.rf.ceaea987dbc67f4074ba54e243bcf891.jpg, 0, 1
20170717_151740_jpg.rf.cee29e6145ec3f225548cbbf96be7f1f.jpg, 0, 1
Drone_Solar_Sample2_mp4-60_jpg.rf.ce7f6243859fc3df0a75c0bea4e117fe.jpg, 0, 1
20170818_104739_jpg.rf.d237296926d438815c7999f2b7d17de0.jpg, 0, 1
20170818_104833_jpg.rf.d2830acd02736795c664470e7f921dd5.jpg, 0, 1
20170710_144805_jpg.rf.d0dd681d0190e69d1239f7b85d874627.jpg, 0, 1
20170818_104933_jpg.rf.cd4aaccce479680549a58aab3aeff4c6.jpg, 0, 1
20170717_152034_jpg.rf.d28876f7b6dc63cb9a11eeebf95ae0d1.jpg, 0, 1
20170717_152029_jpg.rf.d2d879addf81767852185a7b21aa912a.jpg, 0, 1
20170818_113950_jpg.rf.d2de49ca496393d3aaa10183563d5e51.jpg, 0, 1
20170818_105230_jpg.rf.3f5c744c6da7270a6afdaf8af94f4d3b.jpg, 0, 1
Drone_Solar_Sample2_mp4-97_jpg.rf.40238c99bcf767cf07e72ed06628b545.jpg, 0, 1
20170710_145144_jpg.rf.402bffde79127a2bc3478315969253c0.jpg, 0, 1
20170818_113800_jpg.rf.406e20d3621cc189657dfc162b93929d.jpg, 0, 1
20170818_105132_jpg.rf.410213d13dfdd018c996064fd7f19294.jpg, 0, 1
20170818_113751_jpg.rf.41afc35498044cd455f70edf90d89065.jpg, 0, 1
20170818_114742_jpg.rf.4279f508a136d1831ad8c70629602711.jpg, 0, 1
20170818_113723_jpg.rf.432dc555d23b86b88f80872d4f76de36.jpg, 0, 1
Drone_Solar_Sample1_mp4-134_jpg.rf.43321a593cba9009ed8cf7d1c4f192f0.jpg, 1, 1
Drone_Solar_Sample2_mp4-108_jpg.rf.433bc999b9142a24ced337dbf2a449a3.jpg, 0, 1
20170818_113740_jpg.rf.4407860d6b30e6d311284fc9028905c5.jpg, 0, 1
Drone_Solar_Sample1_mp4-120_jpg.rf.442a7ca3bd24af264280191a38ea2a62.jpg, 1, 1
20170818_114805_jpg.rf.4448a1829fcd195656cd0b1c65c3f38a.jpg, 0, 1
Drone_Solar_Sample2_mp4-26_jpg.rf.447566a2416eb8f29ba1ded234029a30.jpg, 0, 0
Drone_Solar_Sample2_mp4-69_jpg.rf.46019f8ca9b7a81b8c1eeeb6385c712c.jpg, 0, 1
20170818_114807_jpg.rf.45778e57e69bcf66be5608be0d1434a7.jpg, 0, 1
20170818_105350_jpg.rf.45913117b80df3d77c8ac28a0354b73c.jpg, 0, 1
Drone_Solar_Sample2_mp4-4_jpg.rf.4543e643219788cc972331a548a79312.jpg, 0, 0
20170710_144556_jpg.rf.46a6ab223357884556a415571eb1fb75.jpg, 0, 1
20170710_145144_jpg.rf.45b23456deb1cc87999cbcdf89f8537e.jpg, 0, 1
Drone_Solar_Sample2_mp4-83_jpg.rf.4806dd0b861ee06412d29c0425781d92.jpg, 0, 1
20170818_105135_jpg.rf.4715b38ff4f65cac766e11046e7beb18.jpg, 0, 1
Drone_Solar_Sample2_mp4-89_jpg.rf.47bca85569e3099ad6426bd9ef8f9c9d.jpg, 0, 1
20170717_150746_jpg.rf.48701b4ab158291d772db049ee92e65a.jpg, 0, 1
Drone_Solar_Sample2_mp4-85_jpg.rf.486cd711c8387810b0cac9569c541e73.jpg, 0, 1
DJI_0309_jpg.rf.487b764668087a3b5aacbddb9b931f3c.jpg, 1, 0
20170818_105021_jpg.rf.491b04d67c44fb66e379cb3b64e07ba5.jpg, 0, 1
20170818_114155_jpg.rf.4af8126e5a17bc48cf714b284c226615.jpg, 0, 1
20170818_104653_jpg.rf.49461aaab6ed76a225654d9457d88a85.jpg, 0, 1
20170717_152048_jpg.rf.49235ecad0108f7598bc3e754a9d7226.jpg, 0, 1
Drone_Solar_Sample2_mp4-98_jpg.rf.4b3a7a741d330b442f4440040c7e1b5a.jpg, 0, 1
20170818_114125_jpg.rf.4a5a20d6b5f37d3ceecc1f085d4ed3fa.jpg, 0, 1
20170818_114823_jpg.rf.49e5136ade2819cc9f107b742246ad8b.jpg, 0, 1
Drone_Solar_Sample1_mp4-118_jpg.rf.497fdef33ce94c7011bc0c7927d2cac7.jpg, 1, 1
20170818_114856_jpg.rf.499ceba536125270e42eba626770c6d5.jpg, 0, 1
20170818_114848_jpg.rf.4d053e986ee63757041b235b3d6f21ae.jpg, 0, 1
20170818_104635_jpg.rf.4a77afbdf429c677aea0d85706165287.jpg, 0, 1
20170818_114728_jpg.rf.4ac6db3e87afe61ab6ea119eac510314.jpg, 0, 1
20170717_150409_jpg.rf.4ce5e53c2c22ee6e347dd8ee11b872e4.jpg, 0, 1
20170818_114814_jpg.rf.4ce6f6cb95f5046a675b8ac5cfa55d9b.jpg, 0, 1
Drone_Solar_Sample2_mp4-104_jpg.rf.4e597d34876f5eaeb27414973953165c.jpg, 0, 1
20170818_113749_jpg.rf.4cbf159cf23c2fd140a2bd598510c428.jpg, 0, 1
Drone_Solar_Sample2_mp4-86_jpg.rf.4e8f417d96add363086f02cdf714b9a2.jpg, 0, 1
Drone_Solar_Sample2_mp4-116_jpg.rf.4e3f5fe8a0893ee634c2721dec78f6b5.jpg, 0, 1
20170818_105411_jpg.rf.4d3984051da251f60f0b192d8dc3ab66.jpg, 0, 1
20170818_105024_jpg.rf.4d2f20c715b49d8835a3fc38d4bd492c.jpg, 0, 1
20170710_144847_jpg.rf.4d7f3e3ffd38496f70f52681eb59b258.jpg, 0, 1
Drone_Solar_Sample2_mp4-83_jpg.rf.4d8cd244e585c644f697d0a0c955b5d7.jpg, 0, 1
20170818_114719_jpg.rf.4f66b2577e982ab5ebed3e485f87107f.jpg, 0, 1
20170818_105419_jpg.rf.509a892cf00a8fa715cf6f7229165664.jpg, 0, 1
DJI_0309_jpg.rf.506f4b856468f02f416cd8069361bd91.jpg, 1, 0
20170818_104811_jpg.rf.5325ac42b038038d5e38c7d3a63dc5ae.jpg, 0, 1
20170717_150833_jpg.rf.5324ee2472f7c481903c51556b6d96b5.jpg, 0, 1
Drone_Solar_Sample2_mp4-31_jpg.rf.5466237ab22bf479db1a5c001d8700b0.jpg, 0, 1
20170818_114736_jpg.rf.548a05ee656453953c9f18ddbe101b1c.jpg, 0, 1
20170818_105348_jpg.rf.4eaec731aea9b910f67b8b71b026200c.jpg, 0, 1
20170717_152048_jpg.rf.51bbce8a7223932dd11588b2ac381427.jpg, 0, 1
Drone_Solar_Sample2_mp4-115_jpg.rf.55f765121f81ce7bd49eed56d8f4d3a4.jpg, 0, 1
20170818_105021_jpg.rf.51532bcd00f1ddaf9fb4cee43072198b.jpg, 0, 1
20170710_144912_jpg.rf.5203b7d20c6740cb30cc9ad0a7bfee43.jpg, 0, 1
Drone_Solar_Sample2_mp4-71_jpg.rf.518e7bd4c61c0bbd1cb6c10940252fd0.jpg, 0, 1
Drone_Solar_Sample2_mp4-62_jpg.rf.515ea789df0b622fd3eac423df0252c9.jpg, 0, 1
Drone_Solar_Sample2_mp4-107_jpg.rf.5864c630bc91716cd1c9d41ccd8ab72e.jpg, 0, 1
20170818_104613_jpg.rf.5253932357105c9c7233ea1ff090e3cb.jpg, 0, 1
20170818_105253_jpg.rf.515fecf027b71bbb94eac81b4a3de672.jpg, 0, 1
20170818_105342_jpg.rf.5571b2ae40780721a048cc71b9663dbb.jpg, 0, 1
20170818_105149_jpg.rf.5a9936d8f42f9790e4c6f12bf9366795.jpg, 0, 1
20170818_104655_jpg.rf.53c8d757858b82ea3bd1cf1ff1fae661.jpg, 0, 1
Drone_Solar_Sample2_mp4-104_jpg.rf.51ac489d9c057d2af279bcc531c76a54.jpg, 0, 1
20170818_114155_jpg.rf.5585785d67b18cd6d295bb1c728975dd.jpg, 0, 1
20170717_152036_jpg.rf.58854511a8cd64e72b95cbbae3a0a42e.jpg, 0, 1
Drone_Solar_Sample1_mp4-116_jpg.rf.5abcf05ecba7fcd9433493a14d23613c.jpg, 1, 1
20170818_114154_jpg.rf.5ad9a2ce13861907fc70060ede38d2c0.jpg, 0, 1
20170818_104657_jpg.rf.5650079e4ba6ee56bd5f33414c0f82b2.jpg, 0, 1
20170710_144805_jpg.rf.55065522db9c6a37c225f7b3f59ff837.jpg, 0, 1
20170818_114739_jpg.rf.5affc9afd5bc211c06224d1466e0a596.jpg, 0, 1
20170717_152048_jpg.rf.598a7080dfaa9bfae2aad6962de28aa7.jpg, 0, 1
20170818_114150_jpg.rf.5ae52dc0c7de63fbb2b72cff57728ee2.jpg, 0, 1
20170818_105253_jpg.rf.5b47c29738d8645546b22d5280412699.jpg, 0, 1
20170818_114805_jpg.rf.5b02c210948e3e134dc26efd28c9a595.jpg, 0, 1
20170717_151740_jpg.rf.5cc8f540dc3275b9510ffcb8781569b6.jpg, 0, 1
Drone_Solar_Sample2_mp4-86_jpg.rf.5c23b11b55e6718159540990ebdf1ad9.jpg, 0, 1
20170818_104526_jpg.rf.5cdcf37c0d0949dbe6ea80b7e129f338.jpg, 0, 1
Drone_Solar_Sample2_mp4-110_jpg.rf.5bd28caef6c7ff5a25a9509276fda483.jpg, 0, 1
20170717_150734_jpg.rf.5bc679726e0654e50cb595428d6e67b1.jpg, 0, 1
Drone_Solar_Sample1_mp4-133_jpg.rf.5ca779dd5830d421ee65b455a914530a.jpg, 1, 1
Drone_Solar_Sample2_mp4-80_jpg.rf.5eb3d354882b95c7c16d8607271c0bba.jpg, 0, 1
20170818_104925_jpg.rf.5ce89642c597a3bbf9196eaaabf5ea7e.jpg, 0, 1
Drone_Solar_Sample2_mp4-91_jpg.rf.5b6413a301c63623760dddb8abc5681d.jpg, 0, 1
20170818_104944_jpg.rf.5ffebd097eee821643d1b654d641f2a4.jpg, 0, 1
20170818_113750_jpg.rf.5d8b82b4363d43153c4f04b050e00734.jpg, 0, 1
Drone_Solar_Sample2_mp4-87_jpg.rf.5d858492d654e29e1a9a5cfa6097c64b.jpg, 0, 1
Drone_Solar_Sample2_mp4-20_jpg.rf.5fcc82695368431d2a64fb698ae63020.jpg, 0, 1
20170710_145200_jpg.rf.5f0f3bcde373d59be6702cb4c26fdef1.jpg, 0, 1
20170818_114154_jpg.rf.60aff7c5944d22a0be8c5851416a64a1.jpg, 0, 1
20170818_105324_jpg.rf.5f723080149ea21bcd19451fdaada4e7.jpg, 0, 1
20170818_114718_jpg.rf.5dc3088ceddb2fb32c7267641485ac7b.jpg, 0, 1
20170818_105209_jpg.rf.5b895327bd5106b182c4a1480db8057e.jpg, 0, 1
Drone_Solar_Sample1_mp4-125_jpg.rf.61dc4df5da4877f5faf213f87b6bd769.jpg, 1, 1
20170818_114822_jpg.rf.5db637a4e36a3ec086b6e6e2101c3a2b.jpg, 0, 1
Drone_Solar_Sample2_mp4-80_jpg.rf.65466446f2382d734392ab9aad9a991a.jpg, 0, 1
20170717_150409_jpg.rf.6155fcf5e77d12544182c060fd244148.jpg, 0, 1
Drone_Solar_Sample2_mp4-81_jpg.rf.63abde142c9a0e8c318027963cb8fb70.jpg, 0, 1
20170818_114814_jpg.rf.61bc9a8bb050b59fab9f7fce8f659cd2.jpg, 0, 1
Drone_Solar_Sample2_mp4-62_jpg.rf.6259df074af36ce7869958d18d982560.jpg, 0, 1
Drone_Solar_Sample1_mp4-110_jpg.rf.6307709e1d8bf26a030bfb58a03b8879.jpg, 1, 1
20170717_151849_jpg.rf.638bcea3da32a88b456464761fb132ad.jpg, 0, 1
20170818_105332_jpg.rf.65c4d0b2141872002f953af127c75eff.jpg, 0, 1
Drone_Solar_Sample2_mp4-66_jpg.rf.695125ba4e3a62926e68763858513191.jpg, 0, 1
Drone_Solar_Sample2_mp4-96_jpg.rf.660cf460213f781bf4f5cdafd8527947.jpg, 0, 1
DJI_0309_jpg.rf.65dfe992823d395826e11afe2c1482d5.jpg, 1, 0
20170818_113951_jpg.rf.66bab3f4e111c7c896336447ed13de4d.jpg, 0, 1
Drone_Solar_Sample2_mp4-98_jpg.rf.6a47b44da65460959af7b68cf626a838.jpg, 0, 1
20170818_105304_jpg.rf.6a373e17fc6b5ae7ae4b9074e18543fd.jpg, 0, 1
20170710_145150_jpg.rf.65dcac6480a5a33fe015d77d78a97a96.jpg, 0, 1
20170818_105021_jpg.rf.668bce46ae717c0dc4899a8860cf68bd.jpg, 0, 1
Drone_Solar_Sample1_mp4-121_jpg.rf.668b759608a26bb23a57d3d8c3dee18c.jpg, 1, 1
20170818_105320_jpg.rf.5b50ab0c9f9e3571d5c8070bfd2c7442.jpg, 0, 1
20170818_104533_jpg.rf.66743894b21484f35ad2afbce3c0a669.jpg, 0, 1
Drone_Solar_Sample1_mp4-128_jpg.rf.6b5ae8788664c81ea889ee07da1988f9.jpg, 1, 1
Drone_Solar_Sample1_mp4-126_jpg.rf.67fd50f3601e5d3c818baabee8e5e12f.jpg, 1, 1
20170818_104922_jpg.rf.6969de7bba4387e43418c2aed1d30209.jpg, 0, 1
Drone_Solar_Sample2_mp4-60_jpg.rf.687a91f827382e5f9e81317ad17b65c0.jpg, 0, 1
20170818_104556_jpg.rf.6713d42f3af38fddea00b3a20a5d1d25.jpg, 0, 1
20170818_104610_jpg.rf.684c70ed755ed2b2de5e1aa6d4227179.jpg, 0, 1
20170717_150454_jpg.rf.676512f8c4f5013b8ca37973b9e07da6.jpg, 0, 1
20170717_152057_jpg.rf.6a640598a08ecc89499b3eb074cb04f4.jpg, 0, 1
20170818_104904_jpg.rf.6c74d9d0040cdbca6bf5e2e49c10f846.jpg, 0, 1
20170818_114739_jpg.rf.6d2f28690557b32935020205a35e07bc.jpg, 0, 1
Drone_Solar_Sample2_mp4-76_jpg.rf.674e286314d049f6b16e164f66b15078.jpg, 0, 1
20170818_104724_jpg.rf.6cc1807852df7bb7d399f370761ebf69.jpg, 0, 1
Drone_Solar_Sample2_mp4-30_jpg.rf.6d0491f9a9d4ecc0ef5971f1a8158b32.jpg, 0, 1
20170818_113723_jpg.rf.6cd6566e7c3cca7543cda398b3f59b92.jpg, 0, 1
20170818_114224_jpg.rf.6d12afbb1da6e6b3ed3042195af29429.jpg, 0, 1
Drone_Solar_Sample2_mp4-106_jpg.rf.6bfb9bcf414f51db7e1347bdd54e160e.jpg, 0, 1
20170717_150803_jpg.rf.6d3b5f142a8d2bf11dfe6abc295d1a1e.jpg, 0, 1
20170818_114822_jpg.rf.689053816f1904a879ea5dca2d2e4070.jpg, 0, 1
20170818_114825_jpg.rf.6dd49091f187ab3fa945eb2f2864ad44.jpg, 0, 1
20170710_144058_jpg.rf.6c6e349142b31231aee4821b61f06745.jpg, 0, 1
20170818_114134_jpg.rf.6e560dee70b798c76489212a4e7cfbb4.jpg, 0, 1
Drone_Solar_Sample2_mp4-110_jpg.rf.6d9ca2df5cdabc02783cc6526721488e.jpg, 0, 1
20170717_150803_jpg.rf.6b1e1924b27d9a555f8faa2418ca7e49.jpg, 0, 1
Drone_Solar_Sample2_mp4-78_jpg.rf.6e04b87732e8900f411a03600bde19ec.jpg, 0, 1
20170818_104818_jpg.rf.68459298ac8443693879d6d071d9385c.jpg, 0, 1
20170818_105310_jpg.rf.6e88562f70e67d1211bf81699057bffe.jpg, 0, 1
Drone_Solar_Sample1_mp4-0_jpg.rf.6ec4aa19e141f7c0861578d7ba1b6e92.jpg, 0, 1
20170818_105240_jpg.rf.6f0323a1cefc02661703440e69cdd3de.jpg, 0, 1
20170818_105340_jpg.rf.6f1ecb36572518a6f5703d3a03bcf0e2.jpg, 0, 1
20170818_113731_jpg.rf.74b829939294988e815e514497781806.jpg, 0, 1
Drone_Solar_Sample1_mp4-112_jpg.rf.74b3b1810e8283efe44c20fb8ab4d8ac.jpg, 1, 1
20170818_104806_jpg.rf.6e44b1b27d97d7f411dacd743f6d1253.jpg, 0, 1
20170717_150737_jpg.rf.76f4372e3f4c4ac92879000465c37402.jpg, 0, 1
20170717_152034_jpg.rf.72dd706bc88974bfa0fb9ebdbcb1839a.jpg, 0, 1
20170710_144815_jpg.rf.72c3ab8394426728e36ab0173f97c990.jpg, 0, 1
20170818_104554_jpg.rf.776aa7ad2033eadac09d4af0323bea52.jpg, 0, 1
20170818_114152_jpg.rf.74dfde893fae75aaf0b94e0f6953d773.jpg, 0, 1
20170818_114802_jpg.rf.777026a380440b6f050e937c2c523da9.jpg, 0, 1
20170710_145052_jpg.rf.72dd6074eac75776206787f7b73d9e5d.jpg, 0, 1
Drone_Solar_Sample2_mp4-73_jpg.rf.76d704998d0fc76c6b14cdf21ec3477d.jpg, 0, 1
20170710_144011_jpg.rf.777f345e44bd33f218bd646e7adbba3a.jpg, 0, 1
20170818_104811_jpg.rf.7425979f2dc48d376c7585ef37118576.jpg, 0, 1
20170710_145200_jpg.rf.7125e8ee39f8986c114d11ca70296098.jpg, 0, 1
20170818_104944_jpg.rf.774285105551c1db3e0969842358ec56.jpg, 0, 1
Drone_Solar_Sample2_mp4-72_jpg.rf.764ac3e8abb9c723d15d4ea995296d04.jpg, 0, 1
20170818_105303_jpg.rf.7204e2064dacce5162e12a190925612c.jpg, 0, 1
20170717_151854_jpg.rf.734812486c233aed009783da4ba14ebb.jpg, 0, 1
Drone_Solar_Sample1_mp4-1_jpg.rf.7285e4d98e6205b7eba59ed7ff40ad2a.jpg, 0, 0
20170818_105348_jpg.rf.755d29ccd251439823915bfc93f567b8.jpg, 0, 1
Drone_Solar_Sample2_mp4-74_jpg.rf.75af9d90ee26b1ca0d155c48867b56b6.jpg, 0, 1
20170818_113816_jpg.rf.78852db6cff1f0b7b8bd5ee69dea06e0.jpg, 0, 1
20170818_104717_jpg.rf.75a073d47ae825bfa540b6a12495f5c1.jpg, 0, 1
Drone_Solar_Sample2_mp4-81_jpg.rf.77acf63841136bc2501c29cf1766ef16.jpg, 0, 1
20170818_105324_jpg.rf.78a3242e6a34d2fbec7eb8a16c27e8ff.jpg, 0, 1
20170710_145119_jpg.rf.7b5cb2e252658cef69c031c67fc2d0ad.jpg, 0, 1
20170818_105407_jpg.rf.7ba523871cddb5439284199e9964f45d.jpg, 0, 1
20170818_104727_jpg.rf.7b9ad63ce2d1cbbf566419ea68657c52.jpg, 0, 1
Drone_Solar_Sample1_mp4-138_jpg.rf.79f185a816d5704fe632ff6bf0639414.jpg, 1, 1
Drone_Solar_Sample2_mp4-74_jpg.rf.78d026eea7b38064303995f3ad2c2b19.jpg, 0, 1
Drone_Solar_Sample1_mp4-132_jpg.rf.7aeb7bbf961cccb5dcc7a543e82a7cf9.jpg, 1, 1
20170818_104518_jpg.rf.78f272813a43f84548bc4263d5541647.jpg, 0, 1
Drone_Solar_Sample1_mp4-115_jpg.rf.7a6aa258e2147446049b46694ffa806c.jpg, 1, 1
20170818_113855_jpg.rf.7d6952fb7ce9b37407bd7b7a19013c65.jpg, 0, 1
Drone_Solar_Sample2_mp4-88_jpg.rf.7e0522b63be3989a405c6a80642972f4.jpg, 0, 1
20170818_114719_jpg.rf.7ce6e1b6b5d9fb07c85cf3beb4f824f7.jpg, 0, 1
20170710_145134_jpg.rf.7cfdb8babec93771facdfa7dbd79c99b.jpg, 0, 1
20170818_104653_jpg.rf.7c08ac2ea2cf9adcce128e2efa54f68f.jpg, 0, 1
20170710_145235_jpg.rf.7e092eefcb4b6acce523666ae8739e09.jpg, 0, 1
20170818_104533_jpg.rf.7d5f4e65d6202c2e2f58cea84b0d0b31.jpg, 0, 1
Drone_Solar_Sample2_mp4-97_jpg.rf.7999ea8d3a245d03fe674c9cddb8323a.jpg, 0, 1
20170818_114048_jpg.rf.7e8b2eda334435f71ae833d3049cdb28.jpg, 0, 1
20170717_150413_jpg.rf.7f5d5e25a47ad56b3feb08212fc3e905.jpg, 0, 1
Drone_Solar_Sample2_mp4-77_jpg.rf.7f3f1a8e58d90c40e6b053d31d966f55.jpg, 0, 1
Drone_Solar_Sample1_mp4-128_jpg.rf.7f0748b62519c8dd2d969a77ae9e91e1.jpg, 1, 1
20170818_113751_jpg.rf.83039e0fea5f34a23105de623cb42aad.jpg, 0, 1
Drone_Solar_Sample2_mp4-113_jpg.rf.82c58e70b76f9cd6a47521f89306c807.jpg, 0, 1
20170818_104607_jpg.rf.83b2312e3b6a7c7c680b0524e2409e7c.jpg, 0, 1
20170818_104703_jpg.rf.83ac4130432c2099e04003c9fd5bd57f.jpg, 0, 1
20170818_104920_jpg.rf.82cf56d60f74efef30cc51d3674631ec.jpg, 0, 1
20170818_114759_jpg.rf.8421147af414bb91e79342e0711d2e6a.jpg, 0, 1
20170818_105256_jpg.rf.80e4a99d32025abb2c55a951558f395c.jpg, 0, 1
20170717_150746_jpg.rf.81d41b1aff8667f70650506ad9748b4c.jpg, 0, 1
Drone_Solar_Sample1_mp4-125_jpg.rf.8343a0b52e19e6930432cab96cff70c1.jpg, 1, 1
Drone_Solar_Sample2_mp4-107_jpg.rf.81d22392600839eae7151bfaa9c77e84.jpg, 0, 1
Drone_Solar_Sample2_mp4-59_jpg.rf.81ab72dffcca698a1cf0b16aa193829a.jpg, 0, 1
20170818_113810_jpg.rf.819604e125c42f45ab245387bc6f0c1f.jpg, 0, 1
20170818_114820_jpg.rf.845e3e6c9ee6a5b3cb8a7dad731c7304.jpg, 0, 1
Drone_Solar_Sample1_mp4-133_jpg.rf.819da42b39415735464f43d879c1eb6a.jpg, 1, 1
20170710_144815_jpg.rf.855d0481b2b11d814874a6d6f492d8ce.jpg, 0, 1
Drone_Solar_Sample2_mp4-79_jpg.rf.81eae39256df8a14431e6156bc8b1179.jpg, 0, 1
20170818_105417_jpg.rf.8189d0f9673bb34d429853e85d647666.jpg, 0, 1
20170818_114718_jpg.rf.81380da4ba061f0b07f98535a3fb8d9d.jpg, 0, 1
20170717_152029_jpg.rf.81f7bc4f35fe0a5de570f687703ca753.jpg, 0, 1
Drone_Solar_Sample1_mp4-116_jpg.rf.8640aeae1b1ca15ad90d66a6b665701d.jpg, 1, 1
20170818_105217_jpg.rf.851a6dc68cd1175c863b3d7bd88b967b.jpg, 0, 1
20170818_104936_jpg.rf.84c48edc4f31da47483c677c3ef3be96.jpg, 0, 1
Drone_Solar_Sample1_mp4-122_jpg.rf.84c9ead1edad966f6ce1877cd362e3ef.jpg, 1, 1
Drone_Solar_Sample2_mp4-114_jpg.rf.86aa3d633ddfc996004012c0ecbaacfa.jpg, 0, 1
20170818_105352_jpg.rf.86ded2483727bcfe5f69caf8b58f7657.jpg, 0, 1
Drone_Solar_Sample2_mp4-63_jpg.rf.8651436edec3ec42f97e33bb1fafef7e.jpg, 0, 1
20170818_104616_jpg.rf.86817c2d9b458b1ce3017fe9f49fb313.jpg, 0, 1
Drone_Solar_Sample2_mp4-4_jpg.rf.84e0513ede301fd648ec64ba6475184d.jpg, 0, 0
20170818_105310_jpg.rf.87eef62c51e60e2c41cf368d5b95b03c.jpg, 0, 1
20170818_114801_jpg.rf.8591a35bffec009484c0982d83db860d.jpg, 0, 1
Drone_Solar_Sample2_mp4-115_jpg.rf.87a84f75c56001426648489307265074.jpg, 0, 1
Drone_Solar_Sample2_mp4-76_jpg.rf.7edec4264932135c5064f8858c5510e2.jpg, 0, 1
20170818_104746_jpg.rf.871caeec5e087f0efb0dfb0d753757fd.jpg, 0, 1
20170710_144628_jpg.rf.7f66d3b107044d1a0ca3dbd9e873d54b.jpg, 0, 1
Drone_Solar_Sample2_mp4-69_jpg.rf.84d51f3fead8188feba1e3808d852845.jpg, 0, 1
20170818_104705_jpg.rf.7f9303f04d7d32ae1b4b528fa2b63dbc.jpg, 0, 1
20170818_105303_jpg.rf.884a6a99858c3302ef42b0e8d165d9cd.jpg, 0, 1
20170818_114731_jpg.rf.7fba6fa60a778f4d71e794d9765a1bd3.jpg, 0, 1
Drone_Solar_Sample2_mp4-114_jpg.rf.88f3c89088045871ae888178c6c2c849.jpg, 0, 1
20170818_105411_jpg.rf.89408f9afdf4fb58889a64cc23417275.jpg, 0, 1
20170818_114802_jpg.rf.88f7808ffc8dc0e2a944adf5a9bed37c.jpg, 0, 1
20170818_105105_jpg.rf.89139b307a6f142769bd116de9fddf91.jpg, 0, 1
Drone_Solar_Sample2_mp4-89_jpg.rf.8c4a14935d6972416dcb76da8a2af954.jpg, 0, 1
Drone_Solar_Sample2_mp4-29_jpg.rf.8936129eeb3826ebf35f48d3ea7eb323.jpg, 0, 1
Drone_Solar_Sample2_mp4-61_jpg.rf.8c543008dd22b814406a1f35f7bd82d6.jpg, 0, 1
20170818_114820_jpg.rf.8983443a2c07485f9b795839afadd891.jpg, 0, 1
Drone_Solar_Sample2_mp4-75_jpg.rf.8971a1ba183f2ffef193cb04ef8b337c.jpg, 0, 1
20170818_105132_jpg.rf.8c692b8cc1a15ce3a256af0330c9e045.jpg, 0, 1
20170710_145237_jpg.rf.8b984b716b4a1767fc9c91fc6e949d83.jpg, 0, 1
20170818_105411_jpg.rf.8c8c69ac1c9bca97002a1982dd957992.jpg, 0, 1
Drone_Solar_Sample2_mp4-60_jpg.rf.8b75f644279d8054f61db9f2aec9a8f5.jpg, 0, 1
20170710_144602_jpg.rf.8ce7971624dff9eb3d6b8d8669ccac3a.jpg, 0, 1
20170818_113950_jpg.rf.8cde7e22cf386ca0b86f790e992d702d.jpg, 0, 1
20170818_104639_jpg.rf.8ba25c4fc3d4b68666d06ddbd07bb214.jpg, 0, 1
20170818_114719_jpg.rf.8da5c4cad2c4c730e87973e7b4532ce0.jpg, 0, 1
20170710_145237_jpg.rf.8ce3c4758a8d13c78fa559b91d926034.jpg, 0, 1
20170710_144812_jpg.rf.8d2967e76d80fb0483738689fc91e55c.jpg, 0, 1
20170818_113731_jpg.rf.0318a8a37ad19cb9cbdf29f6e282c6b9.jpg, 0, 1
Drone_Solar_Sample2_mp4-10_jpg.rf.0392a91ef1669608fa114ca06bd289a0.jpg, 0, 1
Drone_Solar_Sample1_mp4-125_jpg.rf.046610f5f99f37bc2a00fba810180b49.jpg, 1, 1
Drone_Solar_Sample1_mp4-138_jpg.rf.03f378b567ddc0c398876756bdab57e3.jpg, 1, 1
20170818_104613_jpg.rf.038a66000533ba90ae023d76b0cffd2b.jpg, 0, 1
20170818_104526_jpg.rf.02fcf6cfb0d47dbf03a8eeb0538cfecb.jpg, 0, 1
20170818_105335_jpg.rf.033f10b6ad22e918c3b9ffb84e93fff2.jpg, 0, 1
20170717_151827_jpg.rf.030f1609b13bdb24543b39611568af89.jpg, 0, 1
20170818_104703_jpg.rf.046a55b56f9f847ef1590e69b9144e63.jpg, 0, 1
20170818_114048_jpg.rf.0419ef9a2c068dc3494775f018352aad.jpg, 0, 1
20170818_104913_jpg.rf.049c095a7c5e2c128cb6b3c09a5b9a69.jpg, 0, 1
20170818_104904_jpg.rf.043d5c144dac1cd9ebd7a6423a93715a.jpg, 0, 1
20170818_114809_jpg.rf.0455fe6925a964d96ecb66ff354c586e.jpg, 0, 1
20170818_104533_jpg.rf.0180831cca2b43d340ee03c060f4ef2a.jpg, 0, 1
20170818_114848_jpg.rf.01c628f9da38780b7f2dfd915a455730.jpg, 0, 1
20170818_114125_jpg.rf.014a0fcbe894ed8d9465f0c38be63690.jpg, 0, 1
20170818_105347_jpg.rf.01ce40158670b79f4e6e1ae5d63393bb.jpg, 0, 1
20170717_150737_jpg.rf.01b1440f1bb2d0d37035b9c90c12cef9.jpg, 0, 1
20170818_104848_jpg.rf.00e0a00c837dcd8b12f8e59e18d3e91b.jpg, 0, 1
20170818_104538_jpg.rf.00f23f2410072753ec9a1aad3693dda8.jpg, 0, 1
20170818_113750_jpg.rf.00449e42d0b38f59e7be30d284423c0e.jpg, 0, 1
20170818_114903_jpg.rf.058ddddeb9b3fb16fef02f98d065cd37.jpg, 0, 1
20170818_105340_jpg.rf.04b7ceb72e8866d846cacab00c36d799.jpg, 0, 1
20170818_114155_jpg.rf.0659ebf7b04080f7725ec44973c248f7.jpg, 0, 1
20170710_144058_jpg.rf.07c5390d62429212a7894bc6252af5fd.jpg, 0, 1
Drone_Solar_Sample2_mp4-66_jpg.rf.07058b56ea6e3c2550f1b430e58189a0.jpg, 0, 1
20170818_105320_jpg.rf.0ae01f30ee8bd0b26db4f08da13c3797.jpg, 0, 1
20170818_113955_jpg.rf.064e5d39b1a4262be1c282fede32d930.jpg, 0, 1
20170818_104715_jpg.rf.04e99a716280db5cdf5b36df19573977.jpg, 0, 1
20170710_144628_jpg.rf.05003b857f93c8232772ac1a95cdca8a.jpg, 0, 1
20170717_150424_jpg.rf.0b135ee025bb9087494f3b1d609f241e.jpg, 0, 1
20170818_114728_jpg.rf.09f13ec04acc1dcd665b2e41fee23747.jpg, 0, 1
20170818_104521_jpg.rf.093455e88230a7a7905985f4318188e8.jpg, 0, 1
20170818_105256_jpg.rf.06690a5c8d2f7dd4a645aa7b049762eb.jpg, 0, 1
20170818_105307_jpg.rf.098bac7a4ae7430de2ed0723debf8cbc.jpg, 0, 1
20170710_145112_jpg.rf.0bf460b92bdee230227f43b0c9ebab76.jpg, 0, 1
20170818_104602_jpg.rf.0956157743c7261508f34c0399a19e47.jpg, 0, 1
Drone_Solar_Sample2_mp4-85_jpg.rf.05f84b1b441faaac5f59f8f1eb960f79.jpg, 0, 1
20170818_114823_jpg.rf.091c89b7a09cbdfc2d072754efc8844c.jpg, 0, 1
Drone_Solar_Sample2_mp4-4_jpg.rf.08733fbff2a4be12400cee31162d9013.jpg, 0, 0
20170717_150742_jpg.rf.089ff9a1d30a8612611b1080c3ea02c9.jpg, 0, 1
20170710_145052_jpg.rf.0a3c49f688d929c07f490cb794b1e50c.jpg, 0, 1
20170818_113800_jpg.rf.0abe2e2cbf5b9e7d2140d4ec109ebc71.jpg, 0, 1
20170818_104724_jpg.rf.0b35515e5c7b801db6746ca99067e194.jpg, 0, 1
20170818_114224_jpg.rf.0bd298e9ad491e1965166dfcc709bf86.jpg, 0, 1
Drone_Solar_Sample1_mp4-116_jpg.rf.0b46bb0357ffd5ba1f96248983cec826.jpg, 1, 1
Drone_Solar_Sample2_mp4-106_jpg.rf.0c7ed657630c4f308ef041689656a137.jpg, 0, 1
20170717_152112_jpg.rf.0d66e9b7e92b17f2c36c174c9caffd8d.jpg, 0, 1
20170818_113752_jpg.rf.0e1e17ccf517c40e71af47d9c572dd2c.jpg, 0, 1
Drone_Solar_Sample1_mp4-118_jpg.rf.0cf58392717e2faeb4e2ac53e4b1cf32.jpg, 1, 1
20170818_114123_jpg.rf.0d34739a887f26107216bc037597589a.jpg, 0, 1
Drone_Solar_Sample1_mp4-118_jpg.rf.0dfa959de3b6ed7dc38a023950890f3f.jpg, 1, 1
20170710_145144_jpg.rf.11454a6513918a2cedee818915e0c718.jpg, 0, 1
Drone_Solar_Sample1_mp4-113_jpg.rf.0f867da6248d0154e72f86b5055d479f.jpg, 1, 1
Drone_Solar_Sample2_mp4-19_jpg.rf.100c87c79c17c89b15b6a1a351f8efb3.jpg, 0, 1
Drone_Solar_Sample1_mp4-139_jpg.rf.0fc1792d6155332106542f93b4b245ec.jpg, 1, 1
20170818_105323_jpg.rf.0fe3e3232cf28590becafb9661cd0bb2.jpg, 0, 1
20170818_114730_jpg.rf.10cdef5cb5af5c4cfaad0ef90250964a.jpg, 0, 1
20170710_144650_jpg.rf.10facb1e1ce99580381c1a237530b18f.jpg, 0, 1
20170818_105332_jpg.rf.10a0d651363d75d316f4b2f9bebfb30c.jpg, 0, 1
Drone_Solar_Sample2_mp4-115_jpg.rf.11870a6113f3ed185b8559d9c973a9b6.jpg, 0, 1
Drone_Solar_Sample2_mp4-110_jpg.rf.10ec37ff79cf64253384ede2cb22fcbd.jpg, 0, 1
Drone_Solar_Sample1_mp4-0_jpg.rf.0f3ff2817ec9dc9452303bcf0df1602f.jpg, 0, 1
20170818_114804_jpg.rf.10ed91e2a2064344f0ac96125b54da99.jpg, 0, 1
20170818_105347_jpg.rf.11a822e9d5d2284958c3c2761f16f838.jpg, 0, 1
20170818_104635_jpg.rf.136c1f9227b6a5d065ca758d575c8508.jpg, 0, 1
20170818_114728_jpg.rf.11c479ba07dfdf930e98ed1421183ca8.jpg, 0, 1
20170818_104639_jpg.rf.12c419eb2afd89f71fd476778e10635e.jpg, 0, 1
20170818_104803_jpg.rf.126a5f4bf1bb4b4ed4d44a1d69342fbd.jpg, 0, 1
20170818_104727_jpg.rf.1732e597761bdb6ae289900d3faff924.jpg, 0, 1
20170818_114121_jpg.rf.1748aa15cb9cd9d228cd25658f1a8471.jpg, 0, 1
Drone_Solar_Sample2_mp4-100_jpg.rf.16d39265b35ba41a6fec2c3ecc006595.jpg, 0, 1
20170818_104556_jpg.rf.164fea518e1c55d1ac9dfd4760de6f41.jpg, 0, 1
Drone_Solar_Sample2_mp4-79_jpg.rf.1a6ba3f271cafe23afbab745f320b921.jpg, 0, 1
Drone_Solar_Sample1_mp4-140_jpg.rf.1aaaea0781193e927f31104510698233.jpg, 1, 1
20170818_114800_jpg.rf.1ad692160030101382d50e046b89cf31.jpg, 0, 1
Drone_Solar_Sample2_mp4-88_jpg.rf.19d4ad79d745e4a225e4e1c25dda08f7.jpg, 0, 1
20170818_104944_jpg.rf.1561890824dec6da00ac630c57202413.jpg, 0, 1
20170818_104913_jpg.rf.197d5ebe4d1f368fd976685ceec5cb39.jpg, 0, 1
20170818_105105_jpg.rf.149fc605d4aa37f7198c728dd4ea907b.jpg, 0, 1
20170818_113800_jpg.rf.1ade03a1198b566a37a9bd60cbdee0dc.jpg, 0, 1
20170818_114731_jpg.rf.143d847362fbb6d127af4c12ce495600.jpg, 0, 1
Drone_Solar_Sample2_mp4-68_jpg.rf.18338d31c0c45f2d7ec2f048731fa2e1.jpg, 0, 1
20170710_144853_jpg.rf.178340a0d4f32f246065ec87d3a5aba8.jpg, 0, 1
20170818_105307_jpg.rf.14671988da12e0345e5f497d5b720379.jpg, 0, 1
Drone_Solar_Sample2_mp4-87_jpg.rf.1a35674296130780818262f322c7b9e9.jpg, 0, 1
Drone_Solar_Sample2_mp4-100_jpg.rf.17df1084d8897eb33568c6cf79b9a464.jpg, 0, 1
20170818_105414_jpg.rf.17e11a89e4ddbfbf7dc37f6cf8240c81.jpg, 0, 1
20170818_104933_jpg.rf.1803b866a523c0909f0b3ce1bdc382cb.jpg, 0, 1
20170818_104913_jpg.rf.19bab486b79331e7e25204d29ec3f1fb.jpg, 0, 1
Drone_Solar_Sample2_mp4-59_jpg.rf.1c5a88973d1142781a704220d11b753e.jpg, 0, 1
Drone_Solar_Sample2_mp4-94_jpg.rf.143cde5c826d161665d6eeb024f25f3f.jpg, 0, 1
20170818_113731_jpg.rf.1b7392fb4c58a43d3c4efe45908da6bb.jpg, 0, 1
20170818_114741_jpg.rf.17e8e9c5a46272ba0fe45e09c203d5dd.jpg, 0, 1
20170717_150833_jpg.rf.18b553ef6358270d262b6aafebbccb86.jpg, 0, 1
20170818_104655_jpg.rf.1c68c4ab014f5cb786364e59f67a1b80.jpg, 0, 1
20170818_114759_jpg.rf.187d979bc7455fc70bca1e3d6ae5bfb1.jpg, 0, 1
20170717_152036_jpg.rf.1c0989fc1667a62df1034db9381fb56c.jpg, 0, 1
Drone_Solar_Sample2_mp4-113_jpg.rf.1cd3329edf59246fa03e854fc2fffce4.jpg, 0, 1
20170818_104521_jpg.rf.1cff66261de9bc1745cf67c106caa87e.jpg, 0, 1
20170818_104602_jpg.rf.1f5b6a18878c8494225d4ae207cc7bdd.jpg, 0, 1
20170818_104657_jpg.rf.1e11ee51ac55e81e53c249358d6f7bab.jpg, 0, 1
20170818_105335_jpg.rf.1eef8184bc7ebe322221a0df3fd57100.jpg, 0, 1
20170710_144847_jpg.rf.1eeb34a1cd924fd64349cd7488acc287.jpg, 0, 1
20170710_144607_jpg.rf.1d3426368178335bcb1a26b0e091054e.jpg, 0, 1
20170818_114820_jpg.rf.1d7602407fd774f9428aea4532032bfc.jpg, 0, 1
Drone_Solar_Sample2_mp4-26_jpg.rf.1ddb85dd2b067405387df16a0ce931fa.jpg, 0, 0
20170818_104602_jpg.rf.21ef695a60f70242104d8ceb31585a18.jpg, 0, 1
20170710_144650_jpg.rf.1e4619dcf02e3551a8e2c39bc526ad22.jpg, 0, 1
Drone_Solar_Sample2_mp4-31_jpg.rf.21c19e35a01f1753962a6bc22127ad7a.jpg, 0, 1
20170818_113755_jpg.rf.1d68424c57fa43cf5d9331b4cf82ac50.jpg, 0, 1
Drone_Solar_Sample1_mp4-122_jpg.rf.1f6bd5f6859bbe694f373bc47756f692.jpg, 1, 1
20170717_150424_jpg.rf.1fc41da6305c1995811dc818548affe6.jpg, 0, 1
20170818_105240_jpg.rf.2045b5f98a9d12b93b7e7da6828fb1b2.jpg, 0, 1
20170710_144602_jpg.rf.1f9e4d96b8aab7bf4b73d0708ffabb97.jpg, 0, 1
20170717_151827_jpg.rf.2260eff99dc5a6649189d220f1e87015.jpg, 0, 1
20170818_104737_jpg.rf.23f115e1b58ecf8676904311f367f1b9.jpg, 0, 1
20170818_114846_jpg.rf.217a2147ad22591c00a7be144f7ac122.jpg, 0, 1
DJI_0315_jpg.rf.241b2ba1cd8f61dc9daa31aa155849e1.jpg, 1, 0
20170717_152038_jpg.rf.20a5e447c2b19071d101a49cc906b8e5.jpg, 0, 1
20170818_114012_jpg.rf.2413a6547f8982aff3c5ee7939af1001.jpg, 0, 1
Drone_Solar_Sample2_mp4-65_jpg.rf.208606a4ecced18e2df71def48e76ac0.jpg, 0, 1
20170818_105335_jpg.rf.23cb78de140c0b2c44535da33d93e123.jpg, 0, 1
20170717_152036_jpg.rf.2373d61e503a33112fefec03fd2c3a3f.jpg, 0, 1
Drone_Solar_Sample1_mp4-139_jpg.rf.2597817b9560921aa24514d73fab97e7.jpg, 1, 1
20170710_145134_jpg.rf.25ce8ab14d2d24d4d2a2b1c9010b3338.jpg, 0, 1
20170818_104922_jpg.rf.25fd75723e657d30ffa2e383bea060ed.jpg, 0, 1
20170818_104531_jpg.rf.26b5355f18bd35ceed4aa36fa68d7da0.jpg, 0, 1
20170818_105149_jpg.rf.26a8416baff9d1a44e7c9671c36647b6.jpg, 0, 1
20170818_105342_jpg.rf.289289f61c7bfe2bfd0d5fb38f6336ec.jpg, 0, 1
20170818_113742_jpg.rf.28840540bbd1bd84a910158697ea8eed.jpg, 0, 1
20170717_151854_jpg.rf.2cac3ce4aa668e896ced80f2a23f2bc1.jpg, 0, 1
20170717_152112_jpg.rf.27f9df8b71b88a0999e98a3156553a22.jpg, 0, 1
20170818_105127_jpg.rf.29d25150464b411b504ac34ac053b38b.jpg, 0, 1
20170818_105340_jpg.rf.287afa89e059dbe1567b01eb09146cd6.jpg, 0, 1
20170818_113746_jpg.rf.2b3aaadecf7194536ec3ca24d417d637.jpg, 0, 1
Drone_Solar_Sample1_mp4-120_jpg.rf.2d1d922696df6887809600f40205ad64.jpg, 1, 1
20170710_145237_jpg.rf.2db69ac8115fc4627aa4e5c5fd058637.jpg, 0, 1
20170818_104918_jpg.rf.2d19b7f2838d2c29b24f13c9891976c3.jpg, 0, 1
Drone_Solar_Sample2_mp4-26_jpg.rf.2d36a96c8b96a6b3ecd56d026ec700ee.jpg, 0, 0
20170818_104920_jpg.rf.2c78a409293277d1a8f7d7d99c6a8f7f.jpg, 0, 1
Drone_Solar_Sample2_mp4-89_jpg.rf.2c27c8478274d4cd2697f2a2c16a8fd5.jpg, 0, 1
Drone_Solar_Sample1_mp4-1_jpg.rf.2bd8bfe5dc93fdf0526401615b1f6bc7.jpg, 0, 0
20170710_144912_jpg.rf.270fdab170aae598b6a0d730efebdfd6.jpg, 0, 1
20170717_152034_jpg.rf.2db61fdf9be9b2c95cdb562b52de4057.jpg, 0, 1
Drone_Solar_Sample2_mp4-74_jpg.rf.28b0245e34ee00f825799a2be85794d8.jpg, 0, 1
Drone_Solar_Sample2_mp4-72_jpg.rf.2a4f75890d88578991c5850db8542456.jpg, 0, 1
20170710_144056_jpg.rf.2c2078058d1a3c2a1ecc0701dbda986b.jpg, 0, 1
20170818_114821_jpg.rf.2e737ae7f599847cb27c81c21c75d6dc.jpg, 0, 1
Drone_Solar_Sample2_mp4-78_jpg.rf.2aad2bb6b7dd72934a1c630ca8fd8d69.jpg, 0, 1
20170818_104657_jpg.rf.2e528bc32499adc05459cffe7f75ac40.jpg, 0, 1
20170717_150753_jpg.rf.2af46663457cc894bb2ff724b0922d31.jpg, 0, 1
20170818_114721_jpg.rf.2e6866d16d1778668ccb75f3a5afe2b5.jpg, 0, 1
20170818_105127_jpg.rf.30700804607cdb3de3014f0f7dcbc4ab.jpg, 0, 1
20170818_105018_jpg.rf.30aab73ca04c31fb878e5d6c99634717.jpg, 0, 1
20170818_114014_jpg.rf.3107ab1619863f7e73561167454a61d5.jpg, 0, 1
20170818_115004_jpg.rf.2f507d3a209173855aa4b38227f7e048.jpg, 0, 1
20170818_105348_jpg.rf.30d399d307f1130443b2e7a98672a928.jpg, 0, 1
20170818_105324_jpg.rf.31d4d2805a44040e48a86259ee3c66af.jpg, 0, 1
Drone_Solar_Sample2_mp4-20_jpg.rf.3180806b4e8064c9e6bee95dc608eeb9.jpg, 0, 1
Drone_Solar_Sample1_mp4-123_jpg.rf.32fabed81fb093744e353ed907535cd9.jpg, 1, 1
20170717_152057_jpg.rf.3128c602df28b890885e22a919d621f5.jpg, 0, 1
20170717_150413_jpg.rf.32ef339b3c77aaea36b17747bff96fdc.jpg, 0, 1
20170818_114846_jpg.rf.32a427992162bd0186790e4085b962f0.jpg, 0, 1
20170710_144650_jpg.rf.35e87c51789473ad0341af02b770a411.jpg, 0, 1
20170818_114729_jpg.rf.35ee9fdf40d43ee9790eb2cbdb512940.jpg, 0, 1
20170818_114123_jpg.rf.3622268d469f7cdfeda5eebb19bb1ad5.jpg, 0, 1
20170818_113855_jpg.rf.3512bbc6df16bd08e3278141e5121b3f.jpg, 0, 1
20170818_104902_jpg.rf.34f2c3dc568e2026227b2b40de5ebdc8.jpg, 0, 1
20170818_114150_jpg.rf.35453b0d66c2450857fb750fcafbde20.jpg, 0, 1
20170818_104818_jpg.rf.336c3994c3ee9b0a6030c78fbd170ea9.jpg, 0, 1
20170818_105304_jpg.rf.35998c475a12cf78898c73b4c5fd11ea.jpg, 0, 1
20170710_145235_jpg.rf.332be1d97c1289114a6574c6c71a2adf.jpg, 0, 1
20170818_105018_jpg.rf.371027aadf9ccf4abf7dbd9c9406eb4b.jpg, 0, 1
20170717_151835_jpg.rf.38d6f2901006f6c5c44d305edd7adcdb.jpg, 0, 1
20170710_144812_jpg.rf.38d9d30d1a74ad921fe5eb7664fbee02.jpg, 0, 1
20170710_144555_jpg.rf.356e6699ceaec191e3d211d41de87c40.jpg, 0, 1
Drone_Solar_Sample1_mp4-123_jpg.rf.33daef227607098591d2083ffa0bd582.jpg, 1, 1
20170818_105304_jpg.rf.35b5f94bd43f225f90446fd219f91daf.jpg, 0, 1
20170818_104607_jpg.rf.395e0f40bf986acb147f7f10a8e48f70.jpg, 0, 1
20170818_114726_jpg.rf.35c660353f55ce5d472e184f4f9ed042.jpg, 0, 1
Drone_Solar_Sample2_mp4-68_jpg.rf.3686a7baa194efffcbfe093f088ba2ea.jpg, 0, 1
20170818_105205_jpg.rf.37a865871025976f17b58a2333db5a74.jpg, 0, 1
20170710_144810_jpg.rf.38ce70a5f0d1e711ba83212303a72a30.jpg, 0, 1
Drone_Solar_Sample1_mp4-9_jpg.rf.38ee9a4f759cad1c8f995b0393ff4ff0.jpg, 0, 1
20170818_114121_jpg.rf.369b06684f098d8de176d7e33e2f1480.jpg, 0, 1
20170710_145150_jpg.rf.35b73b5809f463259473a34d89221b06.jpg, 0, 1
20170818_113853_jpg.rf.353e8d9bed97c4b8cc0ae6e95f5bc978.jpg, 0, 1
20170818_105240_jpg.rf.3662794558e52b4bce6ff1407b836f0e.jpg, 0, 1
20170818_105105_jpg.rf.350f938fc6910c40cf736d6646abf601.jpg, 0, 1
Drone_Solar_Sample1_mp4-112_jpg.rf.39f18b2e0b64992dcec378416904edc5.jpg, 1, 1
20170818_114846_jpg.rf.3963f74f6aa7ced805f2aa9d1553adc8.jpg, 0, 1
20170717_151849_jpg.rf.3a4c5986af7380eabe4d9a1fcd8aea59.jpg, 0, 1
20170818_114150_jpg.rf.3a4844f82f993008a5c5c017ff1d58fd.jpg, 0, 1
20170818_105149_jpg.rf.3a67afda047faf928a9b6c407634a29f.jpg, 0, 1
20170818_113853_jpg.rf.3a943cfafc235a599653bcfdd2389df3.jpg, 0, 1
Drone_Solar_Sample1_mp4-129_jpg.rf.3a9f356ff2c7aee91dccb431465ded18.jpg, 1, 1
20170818_105144_jpg.rf.3f4d575741812935809093b2728c9dfc.jpg, 0, 1
20170710_145112_jpg.rf.3b30852b2df82426631c00333fda8d04.jpg, 0, 1
20170818_113733_jpg.rf.3b0cfe698f3f2b0c07eb2d7ae91504e5.jpg, 0, 1
20170818_114726_jpg.rf.3de1e5a13a370fd29d283fa7c559461e.jpg, 0, 1
Drone_Solar_Sample2_mp4-109_jpg.rf.3cc29fefa8f57f578f2b4305e25cff1d.jpg, 0, 1
20170710_144556_jpg.rf.3ae3349fc79eec64a45e89b7a9bd3be2.jpg, 0, 1
Drone_Solar_Sample2_mp4-103_jpg.rf.3df89fd598c706194a0b4cb8ac78364a.jpg, 0, 1
20170818_104922_jpg.rf.3b392741d6339ff389802e5fffe72a3b.jpg, 0, 1
20170818_114823_jpg.rf.3c23760901d8aabcd85c2ce9e969fd41.jpg, 0, 1
Drone_Solar_Sample2_mp4-87_jpg.rf.3cda76d47a0e276458efdb8058b02e76.jpg, 0, 1
20170818_104800_jpg.rf.3daabca66060a7e3948eefbdd62a05f8.jpg, 0, 1
20170818_105217_jpg.rf.3b87f318bf44dc1513bfff1c37618998.jpg, 0, 1
DJI_0315_jpg.rf.3ba9668a789df9d171a3fbdf21360000.jpg, 1, 0
Drone_Solar_Sample2_mp4-29_jpg.rf.3b9f40445e2c79e68ce157b5d40166d8.jpg, 0, 1
20170710_145035_jpg.rf.3eddb7403f0aa358d2041958117e6ce1.jpg, 0, 1
20170818_105338_jpg.rf.3f1ced93a6c97c93806ca5682102b7a0.jpg, 0, 1